instance_name,problem_type,bool_capacity,filepath,num_customers,num_routes,fitness
A-n32-k5.vrp,CVRP,True,Sets/Set_A/A-n32-k5.vrp,31,5,1146.3996317253793
A-n33-k5.vrp,CVRP,True,Sets/Set_A/A-n33-k5.vrp,32,5,978.1456610175788
A-n33-k6.vrp,CVRP,True,Sets/Set_A/A-n33-k6.vrp,32,6,1043.2746316926161
A-n34-k5.vrp,CVRP,True,Sets/Set_A/A-n34-k5.vrp,33,5,946.7989933145092
A-n36-k5.vrp,CVRP,True,Sets/Set_A/A-n36-k5.vrp,35,5,1103.4992844828946
A-n37-k5.vrp,CVRP,True,Sets/Set_A/A-n37-k5.vrp,36,5,948.545165657581
A-n37-k6.vrp,CVRP,True,Sets/Set_A/A-n37-k6.vrp,36,6,1341.8779365605785
A-n38-k5.vrp,CVRP,True,Sets/Set_A/A-n38-k5.vrp,37,5,1084.6091124680893
A-n39-k5.vrp,CVRP,True,Sets/Set_A/A-n39-k5.vrp,38,5,1032.574615401068
A-n39-k6.vrp,CVRP,True,Sets/Set_A/A-n39-k6.vrp,38,6,1212.8890576535111
A-n44-k6.vrp,CVRP,True,Sets/Set_A/A-n44-k6.vrp,43,6,1328.6927227247668
A-n45-k6.vrp,CVRP,True,Sets/Set_A/A-n45-k6.vrp,44,7,1485.29903471766
A-n45-k7.vrp,CVRP,True,Sets/Set_A/A-n45-k7.vrp,44,7,1404.0454204393577
A-n46-k7.vrp,CVRP,True,Sets/Set_A/A-n46-k7.vrp,45,7,1335.7931183371038
A-n48-k7.vrp,CVRP,True,Sets/Set_A/A-n48-k7.vrp,47,7,1476.5729733586288
A-n53-k7.vrp,CVRP,True,Sets/Set_A/A-n53-k7.vrp,52,7,1449.5357275503995
A-n54-k7.vrp,CVRP,True,Sets/Set_A/A-n54-k7.vrp,53,7,1433.642613592289
A-n55-k9.vrp,CVRP,True,Sets/Set_A/A-n55-k9.vrp,54,9,1499.3128792105576
A-n60-k9.vrp,CVRP,True,Sets/Set_A/A-n60-k9.vrp,59,9,1969.9807053701652
A-n61-k9.vrp,CVRP,True,Sets/Set_A/A-n61-k9.vrp,60,9,1421.1604610455356
A-n62-k8.vrp,CVRP,True,Sets/Set_A/A-n62-k8.vrp,61,8,1816.5796506854233
A-n63-k10.vrp,CVRP,True,Sets/Set_A/A-n63-k10.vrp,62,10,1933.2643615780783
A-n63-k9.vrp,CVRP,True,Sets/Set_A/A-n63-k9.vrp,62,9,2248.570642908306
A-n64-k9.vrp,CVRP,True,Sets/Set_A/A-n64-k9.vrp,63,9,1962.2157972595026
A-n65-k9.vrp,CVRP,True,Sets/Set_A/A-n65-k9.vrp,64,9,1802.4122234744582
A-n69-k9.vrp,CVRP,True,Sets/Set_A/A-n69-k9.vrp,68,9,1576.8750706732737
A-n80-k10.vrp,CVRP,True,Sets/Set_A/A-n80-k10.vrp,79,10,2255.461886842153
A-n32-k5.vrp,CVRP,False,Sets/Set_A/A-n32-k5.vrp,31,1,595.7103691942654
A-n33-k5.vrp,CVRP,False,Sets/Set_A/A-n33-k5.vrp,32,1,524.6263183138565
A-n33-k6.vrp,CVRP,False,Sets/Set_A/A-n33-k6.vrp,32,1,543.8787181063019
A-n34-k5.vrp,CVRP,False,Sets/Set_A/A-n34-k5.vrp,33,1,550.0296385987853
A-n36-k5.vrp,CVRP,False,Sets/Set_A/A-n36-k5.vrp,35,1,601.4854976076408
A-n37-k5.vrp,CVRP,False,Sets/Set_A/A-n37-k5.vrp,36,1,658.86922967696
A-n37-k6.vrp,CVRP,False,Sets/Set_A/A-n37-k6.vrp,36,1,605.6818122239038
A-n38-k5.vrp,CVRP,False,Sets/Set_A/A-n38-k5.vrp,37,1,560.0843476945192
A-n39-k5.vrp,CVRP,False,Sets/Set_A/A-n39-k5.vrp,38,1,728.1651605859181
A-n39-k6.vrp,CVRP,False,Sets/Set_A/A-n39-k6.vrp,38,1,693.3768541395405
A-n44-k6.vrp,CVRP,False,Sets/Set_A/A-n44-k6.vrp,43,1,730.6858911218154
A-n45-k6.vrp,CVRP,False,Sets/Set_A/A-n45-k6.vrp,44,1,621.8396082067378
A-n45-k7.vrp,CVRP,False,Sets/Set_A/A-n45-k7.vrp,44,1,705.9429365282602
A-n46-k7.vrp,CVRP,False,Sets/Set_A/A-n46-k7.vrp,45,1,666.3129730026112
A-n48-k7.vrp,CVRP,False,Sets/Set_A/A-n48-k7.vrp,47,1,708.9793937395822
A-n53-k7.vrp,CVRP,False,Sets/Set_A/A-n53-k7.vrp,52,1,633.5936484534681
A-n54-k7.vrp,CVRP,False,Sets/Set_A/A-n54-k7.vrp,53,1,802.5112030131975
A-n55-k9.vrp,CVRP,False,Sets/Set_A/A-n55-k9.vrp,54,1,643.9848492476208
A-n60-k9.vrp,CVRP,False,Sets/Set_A/A-n60-k9.vrp,59,1,663.9263190280175
A-n61-k9.vrp,CVRP,False,Sets/Set_A/A-n61-k9.vrp,60,1,649.3112446235453
A-n62-k8.vrp,CVRP,False,Sets/Set_A/A-n62-k8.vrp,61,1,819.564311110395
A-n63-k10.vrp,CVRP,False,Sets/Set_A/A-n63-k10.vrp,62,1,736.053734464866
A-n63-k9.vrp,CVRP,False,Sets/Set_A/A-n63-k9.vrp,62,1,856.1330334308088
A-n64-k9.vrp,CVRP,False,Sets/Set_A/A-n64-k9.vrp,63,1,770.5527519013481
A-n65-k9.vrp,CVRP,False,Sets/Set_A/A-n65-k9.vrp,64,1,686.8796940027307
A-n69-k9.vrp,CVRP,False,Sets/Set_A/A-n69-k9.vrp,68,1,873.6077782450479
A-n80-k10.vrp,CVRP,False,Sets/Set_A/A-n80-k10.vrp,79,1,933.0735001840252
C1_10_1.txt,VRPTW,True,Sets/Vrp-Set-HG/C1_10_1.txt,1000,166,100119.32503978102
C1_10_10.txt,VRPTW,True,Sets/Vrp-Set-HG/C1_10_10.txt,1000,106,61571.19000400993
C1_10_2.txt,VRPTW,True,Sets/Vrp-Set-HG/C1_10_2.txt,1000,150,89059.08083680269
C1_10_3.txt,VRPTW,True,Sets/Vrp-Set-HG/C1_10_3.txt,1000,133,73558.21158385141
C1_10_4.txt,VRPTW,True,Sets/Vrp-Set-HG/C1_10_4.txt,1000,115,57904.68558082886
C1_10_5.txt,VRPTW,True,Sets/Vrp-Set-HG/C1_10_5.txt,1000,155,95417.53843191524
C1_10_6.txt,VRPTW,True,Sets/Vrp-Set-HG/C1_10_6.txt,1000,153,94596.24348483127
C1_10_7.txt,VRPTW,True,Sets/Vrp-Set-HG/C1_10_7.txt,1000,147,92644.40053889435
C1_10_8.txt,VRPTW,True,Sets/Vrp-Set-HG/C1_10_8.txt,1000,127,78282.5379676686
C1_10_9.txt,VRPTW,True,Sets/Vrp-Set-HG/C1_10_9.txt,1000,110,66970.05699211438
C1_2_1.txt,VRPTW,True,Sets/Vrp-Set-HG/C1_2_1.txt,200,37,6954.0961515594545
C1_2_10.txt,VRPTW,True,Sets/Vrp-Set-HG/C1_2_10.txt,200,23,4735.930098380175
C1_2_2.txt,VRPTW,True,Sets/Vrp-Set-HG/C1_2_2.txt,200,36,7798.662705031516
C1_2_3.txt,VRPTW,True,Sets/Vrp-Set-HG/C1_2_3.txt,200,32,5696.678986084038
C1_2_4.txt,VRPTW,True,Sets/Vrp-Set-HG/C1_2_4.txt,200,28,4988.248169465983
C1_2_5.txt,VRPTW,True,Sets/Vrp-Set-HG/C1_2_5.txt,200,37,7734.382265313914
C1_2_6.txt,VRPTW,True,Sets/Vrp-Set-HG/C1_2_6.txt,200,37,7054.4569693568965
C1_2_7.txt,VRPTW,True,Sets/Vrp-Set-HG/C1_2_7.txt,200,34,7235.711551260293
C1_2_8.txt,VRPTW,True,Sets/Vrp-Set-HG/C1_2_8.txt,200,30,5949.374451293329
C1_2_9.txt,VRPTW,True,Sets/Vrp-Set-HG/C1_2_9.txt,200,25,5823.723795962908
C1_4_1.txt,VRPTW,True,Sets/Vrp-Set-HG/C1_4_1.txt,400,78,20203.570406278453
C1_4_10.txt,VRPTW,True,Sets/Vrp-Set-HG/C1_4_10.txt,400,46,13047.852107528935
C1_4_2.txt,VRPTW,True,Sets/Vrp-Set-HG/C1_4_2.txt,400,69,18143.765933289724
C1_4_3.txt,VRPTW,True,Sets/Vrp-Set-HG/C1_4_3.txt,400,61,14417.163687432234
C1_4_4.txt,VRPTW,True,Sets/Vrp-Set-HG/C1_4_4.txt,400,52,12180.339676348689
C1_4_5.txt,VRPTW,True,Sets/Vrp-Set-HG/C1_4_5.txt,400,72,18913.929471432104
C1_4_6.txt,VRPTW,True,Sets/Vrp-Set-HG/C1_4_6.txt,400,69,18436.324000135864
C1_4_7.txt,VRPTW,True,Sets/Vrp-Set-HG/C1_4_7.txt,400,70,19412.64240703034
C1_4_8.txt,VRPTW,True,Sets/Vrp-Set-HG/C1_4_8.txt,400,57,15513.543675965413
C1_4_9.txt,VRPTW,True,Sets/Vrp-Set-HG/C1_4_9.txt,400,49,13556.09805331568
C1_6_1.txt,VRPTW,True,Sets/Vrp-Set-HG/C1_6_1.txt,600,116,37602.0068257024
C1_6_10.txt,VRPTW,True,Sets/Vrp-Set-HG/C1_6_10.txt,600,69,22124.592923527114
C1_6_2.txt,VRPTW,True,Sets/Vrp-Set-HG/C1_6_2.txt,600,105,35120.99870198867
C1_6_3.txt,VRPTW,True,Sets/Vrp-Set-HG/C1_6_3.txt,600,96,28202.325277873653
C1_6_4.txt,VRPTW,True,Sets/Vrp-Set-HG/C1_6_4.txt,600,76,21979.771706566455
C1_6_5.txt,VRPTW,True,Sets/Vrp-Set-HG/C1_6_5.txt,600,110,36147.098832189506
C1_6_6.txt,VRPTW,True,Sets/Vrp-Set-HG/C1_6_6.txt,600,99,33617.985652046234
C1_6_7.txt,VRPTW,True,Sets/Vrp-Set-HG/C1_6_7.txt,600,99,33850.96096066717
C1_6_8.txt,VRPTW,True,Sets/Vrp-Set-HG/C1_6_8.txt,600,82,28365.340801063547
C1_6_9.txt,VRPTW,True,Sets/Vrp-Set-HG/C1_6_9.txt,600,73,25451.16677949885
C1_8_1.txt,VRPTW,True,Sets/Vrp-Set-HG/C1_8_1.txt,800,137,61864.066123826015
C1_8_10.txt,VRPTW,True,Sets/Vrp-Set-HG/C1_8_10.txt,800,87,40647.844133381215
C1_8_2.txt,VRPTW,True,Sets/Vrp-Set-HG/C1_8_2.txt,800,120,55031.78505331174
C1_8_3.txt,VRPTW,True,Sets/Vrp-Set-HG/C1_8_3.txt,800,107,45830.81999460442
C1_8_4.txt,VRPTW,True,Sets/Vrp-Set-HG/C1_8_4.txt,800,98,38149.96273087227
C1_8_5.txt,VRPTW,True,Sets/Vrp-Set-HG/C1_8_5.txt,800,130,60144.06483574411
C1_8_6.txt,VRPTW,True,Sets/Vrp-Set-HG/C1_8_6.txt,800,124,57965.694691591976
C1_8_7.txt,VRPTW,True,Sets/Vrp-Set-HG/C1_8_7.txt,800,119,56691.27006631316
C1_8_8.txt,VRPTW,True,Sets/Vrp-Set-HG/C1_8_8.txt,800,103,48020.264371477504
C1_8_9.txt,VRPTW,True,Sets/Vrp-Set-HG/C1_8_9.txt,800,94,45126.295642493875
C2_10_1.txt,VRPTW,True,Sets/Vrp-Set-HG/C2_10_1.txt,1000,109,73568.44971799913
C2_10_10.txt,VRPTW,True,Sets/Vrp-Set-HG/C2_10_10.txt,1000,48,33596.91102678567
C2_10_2.txt,VRPTW,True,Sets/Vrp-Set-HG/C2_10_2.txt,1000,100,60858.97400113126
C2_10_3.txt,VRPTW,True,Sets/Vrp-Set-HG/C2_10_3.txt,1000,93,51416.548721137246
C2_10_4.txt,VRPTW,True,Sets/Vrp-Set-HG/C2_10_4.txt,1000,76,39751.744560678955
C2_10_5.txt,VRPTW,True,Sets/Vrp-Set-HG/C2_10_5.txt,1000,74,49862.50837419036
C2_10_6.txt,VRPTW,True,Sets/Vrp-Set-HG/C2_10_6.txt,1000,63,44122.51623630046
C2_10_7.txt,VRPTW,True,Sets/Vrp-Set-HG/C2_10_7.txt,1000,64,46233.623787983735
C2_10_8.txt,VRPTW,True,Sets/Vrp-Set-HG/C2_10_8.txt,1000,55,39092.66021900042
C2_10_9.txt,VRPTW,True,Sets/Vrp-Set-HG/C2_10_9.txt,1000,58,39564.61994524695
C2_2_1.txt,VRPTW,True,Sets/Vrp-Set-HG/C2_2_1.txt,200,32,6544.6523436058305
C2_2_10.txt,VRPTW,True,Sets/Vrp-Set-HG/C2_2_10.txt,200,12,3710.951155462349
C2_2_2.txt,VRPTW,True,Sets/Vrp-Set-HG/C2_2_2.txt,200,28,5404.031047251495
C2_2_3.txt,VRPTW,True,Sets/Vrp-Set-HG/C2_2_3.txt,200,28,5166.922394236876
C2_2_4.txt,VRPTW,True,Sets/Vrp-Set-HG/C2_2_4.txt,200,22,4019.5500835527896
C2_2_5.txt,VRPTW,True,Sets/Vrp-Set-HG/C2_2_5.txt,200,22,4835.213559114535
C2_2_6.txt,VRPTW,True,Sets/Vrp-Set-HG/C2_2_6.txt,200,18,4644.307445801452
C2_2_7.txt,VRPTW,True,Sets/Vrp-Set-HG/C2_2_7.txt,200,20,4499.87458749745
C2_2_8.txt,VRPTW,True,Sets/Vrp-Set-HG/C2_2_8.txt,200,16,4512.852968793338
C2_2_9.txt,VRPTW,True,Sets/Vrp-Set-HG/C2_2_9.txt,200,17,4389.719078460904
C2_4_1.txt,VRPTW,True,Sets/Vrp-Set-HG/C2_4_1.txt,400,56,13906.80376449481
C2_4_10.txt,VRPTW,True,Sets/Vrp-Set-HG/C2_4_10.txt,400,23,7642.165192038521
C2_4_2.txt,VRPTW,True,Sets/Vrp-Set-HG/C2_4_2.txt,400,50,13589.603268633642
C2_4_3.txt,VRPTW,True,Sets/Vrp-Set-HG/C2_4_3.txt,400,44,10989.661138722751
C2_4_4.txt,VRPTW,True,Sets/Vrp-Set-HG/C2_4_4.txt,400,34,8929.42420925323
C2_4_5.txt,VRPTW,True,Sets/Vrp-Set-HG/C2_4_5.txt,400,36,10491.087236238362
C2_4_6.txt,VRPTW,True,Sets/Vrp-Set-HG/C2_4_6.txt,400,31,9752.269001931907
C2_4_7.txt,VRPTW,True,Sets/Vrp-Set-HG/C2_4_7.txt,400,32,10344.449380984179
C2_4_8.txt,VRPTW,True,Sets/Vrp-Set-HG/C2_4_8.txt,400,28,8867.034505525506
C2_4_9.txt,VRPTW,True,Sets/Vrp-Set-HG/C2_4_9.txt,400,32,9874.700474315585
C2_6_1.txt,VRPTW,True,Sets/Vrp-Set-HG/C2_6_1.txt,600,65,29933.730525740095
C2_6_10.txt,VRPTW,True,Sets/Vrp-Set-HG/C2_6_10.txt,600,32,17361.9505075847
C2_6_2.txt,VRPTW,True,Sets/Vrp-Set-HG/C2_6_2.txt,600,60,25653.498645543266
C2_6_3.txt,VRPTW,True,Sets/Vrp-Set-HG/C2_6_3.txt,600,59,24167.653153597385
C2_6_4.txt,VRPTW,True,Sets/Vrp-Set-HG/C2_6_4.txt,600,48,17824.605180078426
C2_6_5.txt,VRPTW,True,Sets/Vrp-Set-HG/C2_6_5.txt,600,46,22578.86761640845
C2_6_6.txt,VRPTW,True,Sets/Vrp-Set-HG/C2_6_6.txt,600,39,21403.721676838955
C2_6_7.txt,VRPTW,True,Sets/Vrp-Set-HG/C2_6_7.txt,600,39,21147.354698734063
C2_6_8.txt,VRPTW,True,Sets/Vrp-Set-HG/C2_6_8.txt,600,35,18704.377973273116
C2_6_9.txt,VRPTW,True,Sets/Vrp-Set-HG/C2_6_9.txt,600,38,18911.924955368366
C2_8_1.txt,VRPTW,True,Sets/Vrp-Set-HG/C2_8_1.txt,800,86,48573.054340620205
C2_8_10.txt,VRPTW,True,Sets/Vrp-Set-HG/C2_8_10.txt,800,39,26140.160869676653
C2_8_2.txt,VRPTW,True,Sets/Vrp-Set-HG/C2_8_2.txt,800,82,41159.64221827398
C2_8_3.txt,VRPTW,True,Sets/Vrp-Set-HG/C2_8_3.txt,800,81,37381.08816624855
C2_8_4.txt,VRPTW,True,Sets/Vrp-Set-HG/C2_8_4.txt,800,62,27327.646629661984
C2_8_5.txt,VRPTW,True,Sets/Vrp-Set-HG/C2_8_5.txt,800,58,36148.89887949302
C2_8_6.txt,VRPTW,True,Sets/Vrp-Set-HG/C2_8_6.txt,800,52,32759.34561998162
C2_8_7.txt,VRPTW,True,Sets/Vrp-Set-HG/C2_8_7.txt,800,53,35364.87101905225
C2_8_8.txt,VRPTW,True,Sets/Vrp-Set-HG/C2_8_8.txt,800,44,28591.455784168083
C2_8_9.txt,VRPTW,True,Sets/Vrp-Set-HG/C2_8_9.txt,800,48,30595.35818436845
R1_10_1.txt,VRPTW,True,Sets/Vrp-Set-HG/R1_10_1.txt,1000,205,113822.13089083256
R1_10_10.txt,VRPTW,True,Sets/Vrp-Set-HG/R1_10_10.txt,1000,126,78237.60093959037
R1_10_2.txt,VRPTW,True,Sets/Vrp-Set-HG/R1_10_2.txt,1000,173,102634.03690025379
R1_10_3.txt,VRPTW,True,Sets/Vrp-Set-HG/R1_10_3.txt,1000,137,82409.85272570406
R1_10_4.txt,VRPTW,True,Sets/Vrp-Set-HG/R1_10_4.txt,1000,102,64776.99519187005
R1_10_5.txt,VRPTW,True,Sets/Vrp-Set-HG/R1_10_5.txt,1000,181,104465.1054143833
R1_10_6.txt,VRPTW,True,Sets/Vrp-Set-HG/R1_10_6.txt,1000,152,92315.50821307424
R1_10_7.txt,VRPTW,True,Sets/Vrp-Set-HG/R1_10_7.txt,1000,132,79891.76568850204
R1_10_8.txt,VRPTW,True,Sets/Vrp-Set-HG/R1_10_8.txt,1000,103,63919.645063210235
R1_10_9.txt,VRPTW,True,Sets/Vrp-Set-HG/R1_10_9.txt,1000,155,90546.4893584337
R1_2_1.txt,VRPTW,True,Sets/Vrp-Set-HG/R1_2_1.txt,200,59,9399.451048424111
R1_2_10.txt,VRPTW,True,Sets/Vrp-Set-HG/R1_2_10.txt,200,27,5664.729943968254
R1_2_2.txt,VRPTW,True,Sets/Vrp-Set-HG/R1_2_2.txt,200,52,9037.113651162555
R1_2_3.txt,VRPTW,True,Sets/Vrp-Set-HG/R1_2_3.txt,200,38,7133.107634721037
R1_2_4.txt,VRPTW,True,Sets/Vrp-Set-HG/R1_2_4.txt,200,27,5700.363331199684
R1_2_5.txt,VRPTW,True,Sets/Vrp-Set-HG/R1_2_5.txt,200,50,8347.093542792474
R1_2_6.txt,VRPTW,True,Sets/Vrp-Set-HG/R1_2_6.txt,200,44,7734.945121601762
R1_2_7.txt,VRPTW,True,Sets/Vrp-Set-HG/R1_2_7.txt,200,34,6317.656249622894
R1_2_8.txt,VRPTW,True,Sets/Vrp-Set-HG/R1_2_8.txt,200,25,5197.20910993757
R1_2_9.txt,VRPTW,True,Sets/Vrp-Set-HG/R1_2_9.txt,200,41,7406.543966010527
R1_4_1.txt,VRPTW,True,Sets/Vrp-Set-HG/R1_4_1.txt,400,97,21273.814742621806
R1_4_10.txt,VRPTW,True,Sets/Vrp-Set-HG/R1_4_10.txt,400,50,13798.415949043449
R1_4_2.txt,VRPTW,True,Sets/Vrp-Set-HG/R1_4_2.txt,400,87,20005.819644542447
R1_4_3.txt,VRPTW,True,Sets/Vrp-Set-HG/R1_4_3.txt,400,62,15063.061836403996
R1_4_4.txt,VRPTW,True,Sets/Vrp-Set-HG/R1_4_4.txt,400,49,12363.556488206244
R1_4_5.txt,VRPTW,True,Sets/Vrp-Set-HG/R1_4_5.txt,400,82,19449.021311769793
R1_4_6.txt,VRPTW,True,Sets/Vrp-Set-HG/R1_4_6.txt,400,70,17107.750395686777
R1_4_7.txt,VRPTW,True,Sets/Vrp-Set-HG/R1_4_7.txt,400,62,14778.947435564321
R1_4_8.txt,VRPTW,True,Sets/Vrp-Set-HG/R1_4_8.txt,400,43,11625.661152450131
R1_4_9.txt,VRPTW,True,Sets/Vrp-Set-HG/R1_4_9.txt,400,64,15975.723947604245
R1_6_1.txt,VRPTW,True,Sets/Vrp-Set-HG/R1_6_1.txt,600,132,45756.875560157285
R1_6_10.txt,VRPTW,True,Sets/Vrp-Set-HG/R1_6_10.txt,600,73,28372.154865680062
R1_6_2.txt,VRPTW,True,Sets/Vrp-Set-HG/R1_6_2.txt,600,108,39303.85044348787
R1_6_3.txt,VRPTW,True,Sets/Vrp-Set-HG/R1_6_3.txt,600,85,31525.237907411964
R1_6_4.txt,VRPTW,True,Sets/Vrp-Set-HG/R1_6_4.txt,600,71,26776.981358939065
R1_6_5.txt,VRPTW,True,Sets/Vrp-Set-HG/R1_6_5.txt,600,116,40835.531401715634
R1_6_6.txt,VRPTW,True,Sets/Vrp-Set-HG/R1_6_6.txt,600,100,37468.473810440555
R1_6_7.txt,VRPTW,True,Sets/Vrp-Set-HG/R1_6_7.txt,600,87,31854.644895502515
R1_6_8.txt,VRPTW,True,Sets/Vrp-Set-HG/R1_6_8.txt,600,67,25588.556951805574
R1_6_9.txt,VRPTW,True,Sets/Vrp-Set-HG/R1_6_9.txt,600,93,34505.597192303154
R1_8_1.txt,VRPTW,True,Sets/Vrp-Set-HG/R1_8_1.txt,800,173,79655.07289677493
R1_8_10.txt,VRPTW,True,Sets/Vrp-Set-HG/R1_8_10.txt,800,100,51289.518517050536
R1_8_2.txt,VRPTW,True,Sets/Vrp-Set-HG/R1_8_2.txt,800,146,70916.5103071199
R1_8_3.txt,VRPTW,True,Sets/Vrp-Set-HG/R1_8_3.txt,800,116,58584.228456970384
R1_8_4.txt,VRPTW,True,Sets/Vrp-Set-HG/R1_8_4.txt,800,85,43961.9241946065
R1_8_5.txt,VRPTW,True,Sets/Vrp-Set-HG/R1_8_5.txt,800,151,69961.17090428929
R1_8_6.txt,VRPTW,True,Sets/Vrp-Set-HG/R1_8_6.txt,800,133,67359.56897170651
R1_8_7.txt,VRPTW,True,Sets/Vrp-Set-HG/R1_8_7.txt,800,107,54770.700914089466
R1_8_8.txt,VRPTW,True,Sets/Vrp-Set-HG/R1_8_8.txt,800,85,45777.29810733097
R1_8_9.txt,VRPTW,True,Sets/Vrp-Set-HG/R1_8_9.txt,800,133,64115.35713997027
R2_10_1.txt,VRPTW,True,Sets/Vrp-Set-HG/R2_10_1.txt,1000,127,92952.12379019671
R2_10_10.txt,VRPTW,True,Sets/Vrp-Set-HG/R2_10_10.txt,1000,66,65552.38283664566
R2_10_2.txt,VRPTW,True,Sets/Vrp-Set-HG/R2_10_2.txt,1000,99,82871.80078135835
R2_10_3.txt,VRPTW,True,Sets/Vrp-Set-HG/R2_10_3.txt,1000,77,66318.496304602
R2_10_4.txt,VRPTW,True,Sets/Vrp-Set-HG/R2_10_4.txt,1000,50,47463.80367382336
R2_10_5.txt,VRPTW,True,Sets/Vrp-Set-HG/R2_10_5.txt,1000,95,78980.18721831568
R2_10_6.txt,VRPTW,True,Sets/Vrp-Set-HG/R2_10_6.txt,1000,84,74784.41559895428
R2_10_7.txt,VRPTW,True,Sets/Vrp-Set-HG/R2_10_7.txt,1000,69,60539.38394715055
R2_10_8.txt,VRPTW,True,Sets/Vrp-Set-HG/R2_10_8.txt,1000,42,42593.33692259513
R2_10_9.txt,VRPTW,True,Sets/Vrp-Set-HG/R2_10_9.txt,1000,87,76209.11866353369
R2_2_1.txt,VRPTW,True,Sets/Vrp-Set-HG/R2_2_1.txt,200,27,7151.75509142361
R2_2_10.txt,VRPTW,True,Sets/Vrp-Set-HG/R2_2_10.txt,200,10,4534.977344645367
R2_2_2.txt,VRPTW,True,Sets/Vrp-Set-HG/R2_2_2.txt,200,28,6999.556904731005
R2_2_3.txt,VRPTW,True,Sets/Vrp-Set-HG/R2_2_3.txt,200,20,5446.00082940767
R2_2_4.txt,VRPTW,True,Sets/Vrp-Set-HG/R2_2_4.txt,200,13,3830.572082213569
R2_2_5.txt,VRPTW,True,Sets/Vrp-Set-HG/R2_2_5.txt,200,18,5761.804621395839
R2_2_6.txt,VRPTW,True,Sets/Vrp-Set-HG/R2_2_6.txt,200,16,5257.748198078111
R2_2_7.txt,VRPTW,True,Sets/Vrp-Set-HG/R2_2_7.txt,200,14,4963.7345707766535
R2_2_8.txt,VRPTW,True,Sets/Vrp-Set-HG/R2_2_8.txt,200,9,3480.17340000162
R2_2_9.txt,VRPTW,True,Sets/Vrp-Set-HG/R2_2_9.txt,200,15,5419.316665658655
R2_4_1.txt,VRPTW,True,Sets/Vrp-Set-HG/R2_4_1.txt,400,52,16616.143002768647
R2_4_10.txt,VRPTW,True,Sets/Vrp-Set-HG/R2_4_10.txt,400,22,11526.946252261021
R2_4_2.txt,VRPTW,True,Sets/Vrp-Set-HG/R2_4_2.txt,400,43,15916.31392521942
R2_4_3.txt,VRPTW,True,Sets/Vrp-Set-HG/R2_4_3.txt,400,36,13494.45645681094
R2_4_4.txt,VRPTW,True,Sets/Vrp-Set-HG/R2_4_4.txt,400,23,9166.314978737582
R2_4_5.txt,VRPTW,True,Sets/Vrp-Set-HG/R2_4_5.txt,400,30,13804.43593557515
R2_4_6.txt,VRPTW,True,Sets/Vrp-Set-HG/R2_4_6.txt,400,30,13868.965094836907
R2_4_7.txt,VRPTW,True,Sets/Vrp-Set-HG/R2_4_7.txt,400,25,11108.283357967557
R2_4_8.txt,VRPTW,True,Sets/Vrp-Set-HG/R2_4_8.txt,400,18,8485.591885092392
R2_4_9.txt,VRPTW,True,Sets/Vrp-Set-HG/R2_4_9.txt,400,32,13139.471924634532
R2_6_1.txt,VRPTW,True,Sets/Vrp-Set-HG/R2_6_1.txt,600,73,34806.82254018209
R2_6_10.txt,VRPTW,True,Sets/Vrp-Set-HG/R2_6_10.txt,600,34,24056.79951042011
R2_6_2.txt,VRPTW,True,Sets/Vrp-Set-HG/R2_6_2.txt,600,65,33108.71860363469
R2_6_3.txt,VRPTW,True,Sets/Vrp-Set-HG/R2_6_3.txt,600,49,26031.811043228725
R2_6_4.txt,VRPTW,True,Sets/Vrp-Set-HG/R2_6_4.txt,600,35,18928.98870026974
R2_6_5.txt,VRPTW,True,Sets/Vrp-Set-HG/R2_6_5.txt,600,55,29833.569659482775
R2_6_6.txt,VRPTW,True,Sets/Vrp-Set-HG/R2_6_6.txt,600,47,29314.46514220215
R2_6_7.txt,VRPTW,True,Sets/Vrp-Set-HG/R2_6_7.txt,600,38,23355.459552899698
R2_6_8.txt,VRPTW,True,Sets/Vrp-Set-HG/R2_6_8.txt,600,25,16842.15632251021
R2_6_9.txt,VRPTW,True,Sets/Vrp-Set-HG/R2_6_9.txt,600,43,26499.173870584516
R2_8_1.txt,VRPTW,True,Sets/Vrp-Set-HG/R2_8_1.txt,800,94,59971.358242698414
R2_8_10.txt,VRPTW,True,Sets/Vrp-Set-HG/R2_8_10.txt,800,46,42213.28253965212
R2_8_2.txt,VRPTW,True,Sets/Vrp-Set-HG/R2_8_2.txt,800,84,58878.091495096516
R2_8_3.txt,VRPTW,True,Sets/Vrp-Set-HG/R2_8_3.txt,800,68,46455.47523764937
R2_8_4.txt,VRPTW,True,Sets/Vrp-Set-HG/R2_8_4.txt,800,39,32525.407607793448
R2_8_5.txt,VRPTW,True,Sets/Vrp-Set-HG/R2_8_5.txt,800,70,50056.57421126216
R2_8_6.txt,VRPTW,True,Sets/Vrp-Set-HG/R2_8_6.txt,800,63,47165.5582572725
R2_8_7.txt,VRPTW,True,Sets/Vrp-Set-HG/R2_8_7.txt,800,46,40830.94721684955
R2_8_8.txt,VRPTW,True,Sets/Vrp-Set-HG/R2_8_8.txt,800,30,30599.334430326016
R2_8_9.txt,VRPTW,True,Sets/Vrp-Set-HG/R2_8_9.txt,800,66,49993.95371091103
C1_10_1.txt,VRPTW,False,Sets/Vrp-Set-HG/C1_10_1.txt,1000,166,100434.06383977304
C1_10_10.txt,VRPTW,False,Sets/Vrp-Set-HG/C1_10_10.txt,1000,99,62015.56704011076
C1_10_2.txt,VRPTW,False,Sets/Vrp-Set-HG/C1_10_2.txt,1000,148,88855.04834733147
C1_10_3.txt,VRPTW,False,Sets/Vrp-Set-HG/C1_10_3.txt,1000,131,73643.15857763228
C1_10_4.txt,VRPTW,False,Sets/Vrp-Set-HG/C1_10_4.txt,1000,106,56191.7161568504
C1_10_5.txt,VRPTW,False,Sets/Vrp-Set-HG/C1_10_5.txt,1000,155,95322.58179802715
C1_10_6.txt,VRPTW,False,Sets/Vrp-Set-HG/C1_10_6.txt,1000,152,93928.40235554705
C1_10_7.txt,VRPTW,False,Sets/Vrp-Set-HG/C1_10_7.txt,1000,147,92893.60438236165
C1_10_8.txt,VRPTW,False,Sets/Vrp-Set-HG/C1_10_8.txt,1000,126,78132.42728228765
C1_10_9.txt,VRPTW,False,Sets/Vrp-Set-HG/C1_10_9.txt,1000,110,68979.16123789319
C1_2_1.txt,VRPTW,False,Sets/Vrp-Set-HG/C1_2_1.txt,200,37,6954.0961515594545
C1_2_10.txt,VRPTW,False,Sets/Vrp-Set-HG/C1_2_10.txt,200,23,4686.110821075477
C1_2_2.txt,VRPTW,False,Sets/Vrp-Set-HG/C1_2_2.txt,200,36,7759.0888475913
C1_2_3.txt,VRPTW,False,Sets/Vrp-Set-HG/C1_2_3.txt,200,32,5577.566038408603
C1_2_4.txt,VRPTW,False,Sets/Vrp-Set-HG/C1_2_4.txt,200,28,4992.796104972471
C1_2_5.txt,VRPTW,False,Sets/Vrp-Set-HG/C1_2_5.txt,200,37,7828.551084245513
C1_2_6.txt,VRPTW,False,Sets/Vrp-Set-HG/C1_2_6.txt,200,37,7054.4569693568965
C1_2_7.txt,VRPTW,False,Sets/Vrp-Set-HG/C1_2_7.txt,200,34,7261.4454168770135
C1_2_8.txt,VRPTW,False,Sets/Vrp-Set-HG/C1_2_8.txt,200,30,5922.486103793485
C1_2_9.txt,VRPTW,False,Sets/Vrp-Set-HG/C1_2_9.txt,200,25,5811.2929666723
C1_4_1.txt,VRPTW,False,Sets/Vrp-Set-HG/C1_4_1.txt,400,78,20359.179648547768
C1_4_10.txt,VRPTW,False,Sets/Vrp-Set-HG/C1_4_10.txt,400,46,12574.113177753756
C1_4_2.txt,VRPTW,False,Sets/Vrp-Set-HG/C1_4_2.txt,400,69,18086.146877639883
C1_4_3.txt,VRPTW,False,Sets/Vrp-Set-HG/C1_4_3.txt,400,61,14770.015351660337
C1_4_4.txt,VRPTW,False,Sets/Vrp-Set-HG/C1_4_4.txt,400,50,11877.479043435975
C1_4_5.txt,VRPTW,False,Sets/Vrp-Set-HG/C1_4_5.txt,400,72,18958.640507280677
C1_4_6.txt,VRPTW,False,Sets/Vrp-Set-HG/C1_4_6.txt,400,70,18449.44394520175
C1_4_7.txt,VRPTW,False,Sets/Vrp-Set-HG/C1_4_7.txt,400,70,19316.441188628018
C1_4_8.txt,VRPTW,False,Sets/Vrp-Set-HG/C1_4_8.txt,400,56,15418.222181782594
C1_4_9.txt,VRPTW,False,Sets/Vrp-Set-HG/C1_4_9.txt,400,50,14374.379325912365
C1_6_1.txt,VRPTW,False,Sets/Vrp-Set-HG/C1_6_1.txt,600,112,37509.67917290673
C1_6_10.txt,VRPTW,False,Sets/Vrp-Set-HG/C1_6_10.txt,600,64,22146.36207781465
C1_6_2.txt,VRPTW,False,Sets/Vrp-Set-HG/C1_6_2.txt,600,104,35490.79562037213
C1_6_3.txt,VRPTW,False,Sets/Vrp-Set-HG/C1_6_3.txt,600,94,28254.91407496107
C1_6_4.txt,VRPTW,False,Sets/Vrp-Set-HG/C1_6_4.txt,600,74,21836.32470107835
C1_6_5.txt,VRPTW,False,Sets/Vrp-Set-HG/C1_6_5.txt,600,106,35485.423699624924
C1_6_6.txt,VRPTW,False,Sets/Vrp-Set-HG/C1_6_6.txt,600,101,34852.63125216189
C1_6_7.txt,VRPTW,False,Sets/Vrp-Set-HG/C1_6_7.txt,600,98,34474.72981161777
C1_6_8.txt,VRPTW,False,Sets/Vrp-Set-HG/C1_6_8.txt,600,81,28689.233292951383
C1_6_9.txt,VRPTW,False,Sets/Vrp-Set-HG/C1_6_9.txt,600,71,25609.97883327249
C1_8_1.txt,VRPTW,False,Sets/Vrp-Set-HG/C1_8_1.txt,800,137,62103.718243176474
C1_8_10.txt,VRPTW,False,Sets/Vrp-Set-HG/C1_8_10.txt,800,84,40226.2891001055
C1_8_2.txt,VRPTW,False,Sets/Vrp-Set-HG/C1_8_2.txt,800,119,54930.06422890519
C1_8_3.txt,VRPTW,False,Sets/Vrp-Set-HG/C1_8_3.txt,800,105,44715.06578832364
C1_8_4.txt,VRPTW,False,Sets/Vrp-Set-HG/C1_8_4.txt,800,89,36140.681162994384
C1_8_5.txt,VRPTW,False,Sets/Vrp-Set-HG/C1_8_5.txt,800,128,59644.17658501635
C1_8_6.txt,VRPTW,False,Sets/Vrp-Set-HG/C1_8_6.txt,800,124,57964.17468006015
C1_8_7.txt,VRPTW,False,Sets/Vrp-Set-HG/C1_8_7.txt,800,119,56758.64990015594
C1_8_8.txt,VRPTW,False,Sets/Vrp-Set-HG/C1_8_8.txt,800,102,48428.86775124324
C1_8_9.txt,VRPTW,False,Sets/Vrp-Set-HG/C1_8_9.txt,800,92,46358.155953702626
C2_10_1.txt,VRPTW,False,Sets/Vrp-Set-HG/C2_10_1.txt,1000,109,73568.44971799913
C2_10_10.txt,VRPTW,False,Sets/Vrp-Set-HG/C2_10_10.txt,1000,48,33596.91102678567
C2_10_2.txt,VRPTW,False,Sets/Vrp-Set-HG/C2_10_2.txt,1000,100,60858.97400113126
C2_10_3.txt,VRPTW,False,Sets/Vrp-Set-HG/C2_10_3.txt,1000,93,51416.548721137246
C2_10_4.txt,VRPTW,False,Sets/Vrp-Set-HG/C2_10_4.txt,1000,76,39751.744560678955
C2_10_5.txt,VRPTW,False,Sets/Vrp-Set-HG/C2_10_5.txt,1000,74,49862.50837419036
C2_10_6.txt,VRPTW,False,Sets/Vrp-Set-HG/C2_10_6.txt,1000,63,44122.51623630046
C2_10_7.txt,VRPTW,False,Sets/Vrp-Set-HG/C2_10_7.txt,1000,64,46233.623787983735
C2_10_8.txt,VRPTW,False,Sets/Vrp-Set-HG/C2_10_8.txt,1000,55,39092.66021900042
C2_10_9.txt,VRPTW,False,Sets/Vrp-Set-HG/C2_10_9.txt,1000,58,39564.61994524695
C2_2_1.txt,VRPTW,False,Sets/Vrp-Set-HG/C2_2_1.txt,200,32,6544.6523436058305
C2_2_10.txt,VRPTW,False,Sets/Vrp-Set-HG/C2_2_10.txt,200,12,3710.951155462349
C2_2_2.txt,VRPTW,False,Sets/Vrp-Set-HG/C2_2_2.txt,200,28,5404.031047251495
C2_2_3.txt,VRPTW,False,Sets/Vrp-Set-HG/C2_2_3.txt,200,28,5166.922394236876
C2_2_4.txt,VRPTW,False,Sets/Vrp-Set-HG/C2_2_4.txt,200,22,4019.5500835527896
C2_2_5.txt,VRPTW,False,Sets/Vrp-Set-HG/C2_2_5.txt,200,22,4835.213559114535
C2_2_6.txt,VRPTW,False,Sets/Vrp-Set-HG/C2_2_6.txt,200,18,4644.307445801452
C2_2_7.txt,VRPTW,False,Sets/Vrp-Set-HG/C2_2_7.txt,200,20,4499.87458749745
C2_2_8.txt,VRPTW,False,Sets/Vrp-Set-HG/C2_2_8.txt,200,16,4512.852968793338
C2_2_9.txt,VRPTW,False,Sets/Vrp-Set-HG/C2_2_9.txt,200,17,4389.719078460904
C2_4_1.txt,VRPTW,False,Sets/Vrp-Set-HG/C2_4_1.txt,400,56,13906.80376449481
C2_4_10.txt,VRPTW,False,Sets/Vrp-Set-HG/C2_4_10.txt,400,23,7642.165192038521
C2_4_2.txt,VRPTW,False,Sets/Vrp-Set-HG/C2_4_2.txt,400,50,13589.603268633642
C2_4_3.txt,VRPTW,False,Sets/Vrp-Set-HG/C2_4_3.txt,400,44,10989.661138722751
C2_4_4.txt,VRPTW,False,Sets/Vrp-Set-HG/C2_4_4.txt,400,34,8929.42420925323
C2_4_5.txt,VRPTW,False,Sets/Vrp-Set-HG/C2_4_5.txt,400,36,10491.087236238362
C2_4_6.txt,VRPTW,False,Sets/Vrp-Set-HG/C2_4_6.txt,400,31,9752.269001931907
C2_4_7.txt,VRPTW,False,Sets/Vrp-Set-HG/C2_4_7.txt,400,32,10344.449380984179
C2_4_8.txt,VRPTW,False,Sets/Vrp-Set-HG/C2_4_8.txt,400,28,8867.034505525506
C2_4_9.txt,VRPTW,False,Sets/Vrp-Set-HG/C2_4_9.txt,400,32,9874.700474315585
C2_6_1.txt,VRPTW,False,Sets/Vrp-Set-HG/C2_6_1.txt,600,65,29933.730525740095
C2_6_10.txt,VRPTW,False,Sets/Vrp-Set-HG/C2_6_10.txt,600,32,17405.075856279193
C2_6_2.txt,VRPTW,False,Sets/Vrp-Set-HG/C2_6_2.txt,600,60,25653.498645543266
C2_6_3.txt,VRPTW,False,Sets/Vrp-Set-HG/C2_6_3.txt,600,59,24167.653153597385
C2_6_4.txt,VRPTW,False,Sets/Vrp-Set-HG/C2_6_4.txt,600,48,17824.605180078426
C2_6_5.txt,VRPTW,False,Sets/Vrp-Set-HG/C2_6_5.txt,600,46,22578.86761640845
C2_6_6.txt,VRPTW,False,Sets/Vrp-Set-HG/C2_6_6.txt,600,39,21403.721676838955
C2_6_7.txt,VRPTW,False,Sets/Vrp-Set-HG/C2_6_7.txt,600,39,21147.354698734063
C2_6_8.txt,VRPTW,False,Sets/Vrp-Set-HG/C2_6_8.txt,600,35,18704.377973273116
C2_6_9.txt,VRPTW,False,Sets/Vrp-Set-HG/C2_6_9.txt,600,38,18911.924955368366
C2_8_1.txt,VRPTW,False,Sets/Vrp-Set-HG/C2_8_1.txt,800,86,48573.054340620205
C2_8_10.txt,VRPTW,False,Sets/Vrp-Set-HG/C2_8_10.txt,800,39,26140.160869676653
C2_8_2.txt,VRPTW,False,Sets/Vrp-Set-HG/C2_8_2.txt,800,82,41159.64221827398
C2_8_3.txt,VRPTW,False,Sets/Vrp-Set-HG/C2_8_3.txt,800,81,37381.08816624855
C2_8_4.txt,VRPTW,False,Sets/Vrp-Set-HG/C2_8_4.txt,800,62,27327.646629661984
C2_8_5.txt,VRPTW,False,Sets/Vrp-Set-HG/C2_8_5.txt,800,58,36148.89887949302
C2_8_6.txt,VRPTW,False,Sets/Vrp-Set-HG/C2_8_6.txt,800,52,32759.34561998162
C2_8_7.txt,VRPTW,False,Sets/Vrp-Set-HG/C2_8_7.txt,800,53,35364.87101905225
C2_8_8.txt,VRPTW,False,Sets/Vrp-Set-HG/C2_8_8.txt,800,44,28591.455784168083
C2_8_9.txt,VRPTW,False,Sets/Vrp-Set-HG/C2_8_9.txt,800,48,30595.35818436845
R1_10_1.txt,VRPTW,False,Sets/Vrp-Set-HG/R1_10_1.txt,1000,205,113526.488367998
R1_10_10.txt,VRPTW,False,Sets/Vrp-Set-HG/R1_10_10.txt,1000,122,77979.3548906682
R1_10_2.txt,VRPTW,False,Sets/Vrp-Set-HG/R1_10_2.txt,1000,172,100189.76937211664
R1_10_3.txt,VRPTW,False,Sets/Vrp-Set-HG/R1_10_3.txt,1000,135,78989.73715576428
R1_10_4.txt,VRPTW,False,Sets/Vrp-Set-HG/R1_10_4.txt,1000,83,53572.28719096984
R1_10_5.txt,VRPTW,False,Sets/Vrp-Set-HG/R1_10_5.txt,1000,179,103343.73280631629
R1_10_6.txt,VRPTW,False,Sets/Vrp-Set-HG/R1_10_6.txt,1000,151,92075.20253503401
R1_10_7.txt,VRPTW,False,Sets/Vrp-Set-HG/R1_10_7.txt,1000,125,74649.32674999145
R1_10_8.txt,VRPTW,False,Sets/Vrp-Set-HG/R1_10_8.txt,1000,77,50414.723097838825
R1_10_9.txt,VRPTW,False,Sets/Vrp-Set-HG/R1_10_9.txt,1000,156,90630.458081668
R1_2_1.txt,VRPTW,False,Sets/Vrp-Set-HG/R1_2_1.txt,200,59,9399.451048424111
R1_2_10.txt,VRPTW,False,Sets/Vrp-Set-HG/R1_2_10.txt,200,26,5663.547535949431
R1_2_2.txt,VRPTW,False,Sets/Vrp-Set-HG/R1_2_2.txt,200,52,9070.062116192084
R1_2_3.txt,VRPTW,False,Sets/Vrp-Set-HG/R1_2_3.txt,200,38,6804.474030612292
R1_2_4.txt,VRPTW,False,Sets/Vrp-Set-HG/R1_2_4.txt,200,25,5080.945713762506
R1_2_5.txt,VRPTW,False,Sets/Vrp-Set-HG/R1_2_5.txt,200,50,8347.093542792474
R1_2_6.txt,VRPTW,False,Sets/Vrp-Set-HG/R1_2_6.txt,200,44,7717.241394149976
R1_2_7.txt,VRPTW,False,Sets/Vrp-Set-HG/R1_2_7.txt,200,34,6306.805536458286
R1_2_8.txt,VRPTW,False,Sets/Vrp-Set-HG/R1_2_8.txt,200,24,4838.499572166406
R1_2_9.txt,VRPTW,False,Sets/Vrp-Set-HG/R1_2_9.txt,200,41,7406.543966010527
R1_4_1.txt,VRPTW,False,Sets/Vrp-Set-HG/R1_4_1.txt,400,97,21311.8450535601
R1_4_10.txt,VRPTW,False,Sets/Vrp-Set-HG/R1_4_10.txt,400,45,13158.326742145904
R1_4_2.txt,VRPTW,False,Sets/Vrp-Set-HG/R1_4_2.txt,400,85,19813.07403938399
R1_4_3.txt,VRPTW,False,Sets/Vrp-Set-HG/R1_4_3.txt,400,62,14686.963609674332
R1_4_4.txt,VRPTW,False,Sets/Vrp-Set-HG/R1_4_4.txt,400,43,11421.661942948209
R1_4_5.txt,VRPTW,False,Sets/Vrp-Set-HG/R1_4_5.txt,400,81,19386.75318624246
R1_4_6.txt,VRPTW,False,Sets/Vrp-Set-HG/R1_4_6.txt,400,70,16851.837713775058
R1_4_7.txt,VRPTW,False,Sets/Vrp-Set-HG/R1_4_7.txt,400,57,13736.388232933952
R1_4_8.txt,VRPTW,False,Sets/Vrp-Set-HG/R1_4_8.txt,400,38,10678.244765820771
R1_4_9.txt,VRPTW,False,Sets/Vrp-Set-HG/R1_4_9.txt,400,64,16242.885811242752
R1_6_1.txt,VRPTW,False,Sets/Vrp-Set-HG/R1_6_1.txt,600,132,45756.875560157285
R1_6_10.txt,VRPTW,False,Sets/Vrp-Set-HG/R1_6_10.txt,600,70,27429.6682699097
R1_6_2.txt,VRPTW,False,Sets/Vrp-Set-HG/R1_6_2.txt,600,107,39066.29961078501
R1_6_3.txt,VRPTW,False,Sets/Vrp-Set-HG/R1_6_3.txt,600,85,31736.46155695457
R1_6_4.txt,VRPTW,False,Sets/Vrp-Set-HG/R1_6_4.txt,600,55,21710.789278865446
R1_6_5.txt,VRPTW,False,Sets/Vrp-Set-HG/R1_6_5.txt,600,116,40921.085274669495
R1_6_6.txt,VRPTW,False,Sets/Vrp-Set-HG/R1_6_6.txt,600,100,37235.38149465133
R1_6_7.txt,VRPTW,False,Sets/Vrp-Set-HG/R1_6_7.txt,600,80,30626.352637242875
R1_6_8.txt,VRPTW,False,Sets/Vrp-Set-HG/R1_6_8.txt,600,52,20876.312308988145
R1_6_9.txt,VRPTW,False,Sets/Vrp-Set-HG/R1_6_9.txt,600,93,34486.44650097507
R1_8_1.txt,VRPTW,False,Sets/Vrp-Set-HG/R1_8_1.txt,800,173,79645.23458750563
R1_8_10.txt,VRPTW,False,Sets/Vrp-Set-HG/R1_8_10.txt,800,95,50146.617481074434
R1_8_2.txt,VRPTW,False,Sets/Vrp-Set-HG/R1_8_2.txt,800,144,70919.61179478288
R1_8_3.txt,VRPTW,False,Sets/Vrp-Set-HG/R1_8_3.txt,800,111,56121.26168166149
R1_8_4.txt,VRPTW,False,Sets/Vrp-Set-HG/R1_8_4.txt,800,65,35689.20510504648
R1_8_5.txt,VRPTW,False,Sets/Vrp-Set-HG/R1_8_5.txt,800,151,69949.90226174191
R1_8_6.txt,VRPTW,False,Sets/Vrp-Set-HG/R1_8_6.txt,800,129,65061.94564344771
R1_8_7.txt,VRPTW,False,Sets/Vrp-Set-HG/R1_8_7.txt,800,100,52199.65450904704
R1_8_8.txt,VRPTW,False,Sets/Vrp-Set-HG/R1_8_8.txt,800,64,35553.3489409565
R1_8_9.txt,VRPTW,False,Sets/Vrp-Set-HG/R1_8_9.txt,800,131,63474.34949262827
R2_10_1.txt,VRPTW,False,Sets/Vrp-Set-HG/R2_10_1.txt,1000,127,92952.12379019671
R2_10_10.txt,VRPTW,False,Sets/Vrp-Set-HG/R2_10_10.txt,1000,66,65552.38283664566
R2_10_2.txt,VRPTW,False,Sets/Vrp-Set-HG/R2_10_2.txt,1000,99,82871.80078135835
R2_10_3.txt,VRPTW,False,Sets/Vrp-Set-HG/R2_10_3.txt,1000,77,66318.496304602
R2_10_4.txt,VRPTW,False,Sets/Vrp-Set-HG/R2_10_4.txt,1000,50,45612.700831309136
R2_10_5.txt,VRPTW,False,Sets/Vrp-Set-HG/R2_10_5.txt,1000,95,78980.18721831568
R2_10_6.txt,VRPTW,False,Sets/Vrp-Set-HG/R2_10_6.txt,1000,84,74784.41559895428
R2_10_7.txt,VRPTW,False,Sets/Vrp-Set-HG/R2_10_7.txt,1000,69,60482.66090485716
R2_10_8.txt,VRPTW,False,Sets/Vrp-Set-HG/R2_10_8.txt,1000,42,41268.266581399475
R2_10_9.txt,VRPTW,False,Sets/Vrp-Set-HG/R2_10_9.txt,1000,87,76209.11866353369
R2_2_1.txt,VRPTW,False,Sets/Vrp-Set-HG/R2_2_1.txt,200,27,7151.75509142361
R2_2_10.txt,VRPTW,False,Sets/Vrp-Set-HG/R2_2_10.txt,200,10,4534.977344645367
R2_2_2.txt,VRPTW,False,Sets/Vrp-Set-HG/R2_2_2.txt,200,28,6999.556904731005
R2_2_3.txt,VRPTW,False,Sets/Vrp-Set-HG/R2_2_3.txt,200,20,5446.00082940767
R2_2_4.txt,VRPTW,False,Sets/Vrp-Set-HG/R2_2_4.txt,200,12,3896.3413545055514
R2_2_5.txt,VRPTW,False,Sets/Vrp-Set-HG/R2_2_5.txt,200,18,5761.804621395839
R2_2_6.txt,VRPTW,False,Sets/Vrp-Set-HG/R2_2_6.txt,200,16,5257.748198078111
R2_2_7.txt,VRPTW,False,Sets/Vrp-Set-HG/R2_2_7.txt,200,14,4986.830436759346
R2_2_8.txt,VRPTW,False,Sets/Vrp-Set-HG/R2_2_8.txt,200,9,3547.4977876357393
R2_2_9.txt,VRPTW,False,Sets/Vrp-Set-HG/R2_2_9.txt,200,15,5419.316665658655
R2_4_1.txt,VRPTW,False,Sets/Vrp-Set-HG/R2_4_1.txt,400,52,16616.143002768647
R2_4_10.txt,VRPTW,False,Sets/Vrp-Set-HG/R2_4_10.txt,400,22,11526.946252261021
R2_4_2.txt,VRPTW,False,Sets/Vrp-Set-HG/R2_4_2.txt,400,43,15916.31392521942
R2_4_3.txt,VRPTW,False,Sets/Vrp-Set-HG/R2_4_3.txt,400,36,13494.45645681094
R2_4_4.txt,VRPTW,False,Sets/Vrp-Set-HG/R2_4_4.txt,400,23,9329.399939282757
R2_4_5.txt,VRPTW,False,Sets/Vrp-Set-HG/R2_4_5.txt,400,30,13804.43593557515
R2_4_6.txt,VRPTW,False,Sets/Vrp-Set-HG/R2_4_6.txt,400,30,13868.965094836907
R2_4_7.txt,VRPTW,False,Sets/Vrp-Set-HG/R2_4_7.txt,400,25,11108.283357967557
R2_4_8.txt,VRPTW,False,Sets/Vrp-Set-HG/R2_4_8.txt,400,18,8604.63103043073
R2_4_9.txt,VRPTW,False,Sets/Vrp-Set-HG/R2_4_9.txt,400,32,13139.471924634532
R2_6_1.txt,VRPTW,False,Sets/Vrp-Set-HG/R2_6_1.txt,600,73,34806.82254018209
R2_6_10.txt,VRPTW,False,Sets/Vrp-Set-HG/R2_6_10.txt,600,34,24056.79951042011
R2_6_2.txt,VRPTW,False,Sets/Vrp-Set-HG/R2_6_2.txt,600,65,33108.71860363469
R2_6_3.txt,VRPTW,False,Sets/Vrp-Set-HG/R2_6_3.txt,600,49,26326.29992220744
R2_6_4.txt,VRPTW,False,Sets/Vrp-Set-HG/R2_6_4.txt,600,32,18188.301352392693
R2_6_5.txt,VRPTW,False,Sets/Vrp-Set-HG/R2_6_5.txt,600,55,29833.569659482775
R2_6_6.txt,VRPTW,False,Sets/Vrp-Set-HG/R2_6_6.txt,600,47,29314.46514220215
R2_6_7.txt,VRPTW,False,Sets/Vrp-Set-HG/R2_6_7.txt,600,38,23870.73756165802
R2_6_8.txt,VRPTW,False,Sets/Vrp-Set-HG/R2_6_8.txt,600,27,16672.88202924475
R2_6_9.txt,VRPTW,False,Sets/Vrp-Set-HG/R2_6_9.txt,600,43,26499.173870584516
R2_8_1.txt,VRPTW,False,Sets/Vrp-Set-HG/R2_8_1.txt,800,94,59971.358242698414
R2_8_10.txt,VRPTW,False,Sets/Vrp-Set-HG/R2_8_10.txt,800,46,42213.28253965212
R2_8_2.txt,VRPTW,False,Sets/Vrp-Set-HG/R2_8_2.txt,800,84,58878.091495096516
R2_8_3.txt,VRPTW,False,Sets/Vrp-Set-HG/R2_8_3.txt,800,68,46185.69220638598
R2_8_4.txt,VRPTW,False,Sets/Vrp-Set-HG/R2_8_4.txt,800,39,32134.790446052633
R2_8_5.txt,VRPTW,False,Sets/Vrp-Set-HG/R2_8_5.txt,800,70,50056.57421126216
R2_8_6.txt,VRPTW,False,Sets/Vrp-Set-HG/R2_8_6.txt,800,63,47165.5582572725
R2_8_7.txt,VRPTW,False,Sets/Vrp-Set-HG/R2_8_7.txt,800,46,40581.99192282488
R2_8_8.txt,VRPTW,False,Sets/Vrp-Set-HG/R2_8_8.txt,800,30,29909.014138550716
R2_8_9.txt,VRPTW,False,Sets/Vrp-Set-HG/R2_8_9.txt,800,66,49993.95371091103
C1_10_1.txt,GVRPTW,True,Sets/Vrp-Set-HG/C1_10_1.txt,1000,198,118913.00158375161
C1_10_1.txt,GVRPTW,False,Sets/Vrp-Set-HG/C1_10_1.txt,1000,198,119104.51437334792
C1_10_10.txt,GVRPTW,True,Sets/Vrp-Set-HG/C1_10_10.txt,1000,169,96922.46402321309
C1_10_10.txt,GVRPTW,False,Sets/Vrp-Set-HG/C1_10_10.txt,1000,151,91187.6163852381
C1_10_2.txt,GVRPTW,True,Sets/Vrp-Set-HG/C1_10_2.txt,1000,184,109659.78661448024
C1_10_2.txt,GVRPTW,False,Sets/Vrp-Set-HG/C1_10_2.txt,1000,182,108403.10830785605
C1_10_3.txt,GVRPTW,True,Sets/Vrp-Set-HG/C1_10_3.txt,1000,149,81948.05830941418
C1_10_3.txt,GVRPTW,False,Sets/Vrp-Set-HG/C1_10_3.txt,1000,144,80722.2898125645
C1_10_4.txt,GVRPTW,True,Sets/Vrp-Set-HG/C1_10_4.txt,1000,131,67703.23814742276
C1_10_4.txt,GVRPTW,False,Sets/Vrp-Set-HG/C1_10_4.txt,1000,132,70786.74107466881
C1_10_5.txt,GVRPTW,True,Sets/Vrp-Set-HG/C1_10_5.txt,1000,194,115785.2810998193
C1_10_5.txt,GVRPTW,False,Sets/Vrp-Set-HG/C1_10_5.txt,1000,194,115837.96714150261
C1_10_6.txt,GVRPTW,True,Sets/Vrp-Set-HG/C1_10_6.txt,1000,202,120475.15281470589
C1_10_6.txt,GVRPTW,False,Sets/Vrp-Set-HG/C1_10_6.txt,1000,202,120539.82647381192
C1_10_7.txt,GVRPTW,True,Sets/Vrp-Set-HG/C1_10_7.txt,1000,164,101328.0448503995
C1_10_7.txt,GVRPTW,False,Sets/Vrp-Set-HG/C1_10_7.txt,1000,164,101396.27542721828
C1_10_8.txt,GVRPTW,True,Sets/Vrp-Set-HG/C1_10_8.txt,1000,148,90593.21486160705
C1_10_8.txt,GVRPTW,False,Sets/Vrp-Set-HG/C1_10_8.txt,1000,148,91161.31504602301
C1_10_9.txt,GVRPTW,True,Sets/Vrp-Set-HG/C1_10_9.txt,1000,139,83465.23888347586
C1_10_9.txt,GVRPTW,False,Sets/Vrp-Set-HG/C1_10_9.txt,1000,141,86821.9714853206
C1_2_1.txt,GVRPTW,True,Sets/Vrp-Set-HG/C1_2_1.txt,200,37,6889.943973498897
C1_2_1.txt,GVRPTW,False,Sets/Vrp-Set-HG/C1_2_1.txt,200,37,6889.943973498897
C1_2_10.txt,GVRPTW,True,Sets/Vrp-Set-HG/C1_2_10.txt,200,23,4444.401487400257
C1_2_10.txt,GVRPTW,False,Sets/Vrp-Set-HG/C1_2_10.txt,200,23,4657.536898130016
C1_2_2.txt,GVRPTW,True,Sets/Vrp-Set-HG/C1_2_2.txt,200,36,7748.865852698512
C1_2_2.txt,GVRPTW,False,Sets/Vrp-Set-HG/C1_2_2.txt,200,36,7748.865852698512
C1_2_3.txt,GVRPTW,True,Sets/Vrp-Set-HG/C1_2_3.txt,200,32,5788.284976255662
C1_2_3.txt,GVRPTW,False,Sets/Vrp-Set-HG/C1_2_3.txt,200,32,5600.587465576936
C1_2_4.txt,GVRPTW,True,Sets/Vrp-Set-HG/C1_2_4.txt,200,28,4878.910480146574
C1_2_4.txt,GVRPTW,False,Sets/Vrp-Set-HG/C1_2_4.txt,200,28,4890.008189322655
C1_2_5.txt,GVRPTW,True,Sets/Vrp-Set-HG/C1_2_5.txt,200,37,7775.781491445556
C1_2_5.txt,GVRPTW,False,Sets/Vrp-Set-HG/C1_2_5.txt,200,37,7732.664039149762
C1_2_6.txt,GVRPTW,True,Sets/Vrp-Set-HG/C1_2_6.txt,200,37,7162.401269585736
C1_2_6.txt,GVRPTW,False,Sets/Vrp-Set-HG/C1_2_6.txt,200,37,7162.401269585736
C1_2_7.txt,GVRPTW,True,Sets/Vrp-Set-HG/C1_2_7.txt,200,34,7384.232155289208
C1_2_7.txt,GVRPTW,False,Sets/Vrp-Set-HG/C1_2_7.txt,200,34,7406.180732525461
C1_2_8.txt,GVRPTW,True,Sets/Vrp-Set-HG/C1_2_8.txt,200,30,5865.041433288613
C1_2_8.txt,GVRPTW,False,Sets/Vrp-Set-HG/C1_2_8.txt,200,30,5880.440955518455
C1_2_9.txt,GVRPTW,True,Sets/Vrp-Set-HG/C1_2_9.txt,200,26,5888.96686640124
C1_2_9.txt,GVRPTW,False,Sets/Vrp-Set-HG/C1_2_9.txt,200,26,6056.014598418252
C1_4_1.txt,GVRPTW,True,Sets/Vrp-Set-HG/C1_4_1.txt,400,78,19830.312100452902
C1_4_1.txt,GVRPTW,False,Sets/Vrp-Set-HG/C1_4_1.txt,400,78,19830.312100452902
C1_4_10.txt,GVRPTW,True,Sets/Vrp-Set-HG/C1_4_10.txt,400,48,13222.509109999435
C1_4_10.txt,GVRPTW,False,Sets/Vrp-Set-HG/C1_4_10.txt,400,47,12678.747424274534
C1_4_2.txt,GVRPTW,True,Sets/Vrp-Set-HG/C1_4_2.txt,400,68,17454.379929390307
C1_4_2.txt,GVRPTW,False,Sets/Vrp-Set-HG/C1_4_2.txt,400,68,17774.82643443078
C1_4_3.txt,GVRPTW,True,Sets/Vrp-Set-HG/C1_4_3.txt,400,61,14289.062575822121
C1_4_3.txt,GVRPTW,False,Sets/Vrp-Set-HG/C1_4_3.txt,400,61,14329.09929905893
C1_4_4.txt,GVRPTW,True,Sets/Vrp-Set-HG/C1_4_4.txt,400,52,12041.316670694376
C1_4_4.txt,GVRPTW,False,Sets/Vrp-Set-HG/C1_4_4.txt,400,50,11795.210730019475
C1_4_5.txt,GVRPTW,True,Sets/Vrp-Set-HG/C1_4_5.txt,400,74,19273.489421636474
C1_4_5.txt,GVRPTW,False,Sets/Vrp-Set-HG/C1_4_5.txt,400,74,19329.046391482825
C1_4_6.txt,GVRPTW,True,Sets/Vrp-Set-HG/C1_4_6.txt,400,70,18145.929566097442
C1_4_6.txt,GVRPTW,False,Sets/Vrp-Set-HG/C1_4_6.txt,400,70,18654.426966402512
C1_4_7.txt,GVRPTW,True,Sets/Vrp-Set-HG/C1_4_7.txt,400,71,19988.476901630223
C1_4_7.txt,GVRPTW,False,Sets/Vrp-Set-HG/C1_4_7.txt,400,71,19988.476901630223
C1_4_8.txt,GVRPTW,True,Sets/Vrp-Set-HG/C1_4_8.txt,400,58,15490.200195514966
C1_4_8.txt,GVRPTW,False,Sets/Vrp-Set-HG/C1_4_8.txt,400,57,15832.611181422022
C1_4_9.txt,GVRPTW,True,Sets/Vrp-Set-HG/C1_4_9.txt,400,50,14236.92234684576
C1_4_9.txt,GVRPTW,False,Sets/Vrp-Set-HG/C1_4_9.txt,400,50,14702.032389609094
C1_6_1.txt,GVRPTW,True,Sets/Vrp-Set-HG/C1_6_1.txt,600,117,37693.51070292251
C1_6_1.txt,GVRPTW,False,Sets/Vrp-Set-HG/C1_6_1.txt,600,115,37961.06388100802
C1_6_10.txt,GVRPTW,True,Sets/Vrp-Set-HG/C1_6_10.txt,600,71,22909.82798231719
C1_6_10.txt,GVRPTW,False,Sets/Vrp-Set-HG/C1_6_10.txt,600,66,23083.104065849253
C1_6_2.txt,GVRPTW,True,Sets/Vrp-Set-HG/C1_6_2.txt,600,109,35763.87150299609
C1_6_2.txt,GVRPTW,False,Sets/Vrp-Set-HG/C1_6_2.txt,600,108,35890.34320976385
C1_6_3.txt,GVRPTW,True,Sets/Vrp-Set-HG/C1_6_3.txt,600,98,29087.71989177852
C1_6_3.txt,GVRPTW,False,Sets/Vrp-Set-HG/C1_6_3.txt,600,97,29439.153731639864
C1_6_4.txt,GVRPTW,True,Sets/Vrp-Set-HG/C1_6_4.txt,600,77,22014.16683357763
C1_6_4.txt,GVRPTW,False,Sets/Vrp-Set-HG/C1_6_4.txt,600,72,21008.09479676457
C1_6_5.txt,GVRPTW,True,Sets/Vrp-Set-HG/C1_6_5.txt,600,113,37251.64936677979
C1_6_5.txt,GVRPTW,False,Sets/Vrp-Set-HG/C1_6_5.txt,600,109,36652.43533687791
C1_6_6.txt,GVRPTW,True,Sets/Vrp-Set-HG/C1_6_6.txt,600,102,34122.854007139125
C1_6_6.txt,GVRPTW,False,Sets/Vrp-Set-HG/C1_6_6.txt,600,105,35269.137776883945
C1_6_7.txt,GVRPTW,True,Sets/Vrp-Set-HG/C1_6_7.txt,600,100,34272.319886604135
C1_6_7.txt,GVRPTW,False,Sets/Vrp-Set-HG/C1_6_7.txt,600,99,34721.32488710673
C1_6_8.txt,GVRPTW,True,Sets/Vrp-Set-HG/C1_6_8.txt,600,86,29164.031977818075
C1_6_8.txt,GVRPTW,False,Sets/Vrp-Set-HG/C1_6_8.txt,600,84,29021.294031494286
C1_6_9.txt,GVRPTW,True,Sets/Vrp-Set-HG/C1_6_9.txt,600,75,25184.492539663082
C1_6_9.txt,GVRPTW,False,Sets/Vrp-Set-HG/C1_6_9.txt,600,72,25552.361991827795
C1_8_1.txt,GVRPTW,True,Sets/Vrp-Set-HG/C1_8_1.txt,800,144,64199.15774647233
C1_8_1.txt,GVRPTW,False,Sets/Vrp-Set-HG/C1_8_1.txt,800,144,64390.96551481331
C1_8_10.txt,GVRPTW,True,Sets/Vrp-Set-HG/C1_8_10.txt,800,88,40215.952544477026
C1_8_10.txt,GVRPTW,False,Sets/Vrp-Set-HG/C1_8_10.txt,800,87,41335.31270400329
C1_8_2.txt,GVRPTW,True,Sets/Vrp-Set-HG/C1_8_2.txt,800,125,55864.355744119246
C1_8_2.txt,GVRPTW,False,Sets/Vrp-Set-HG/C1_8_2.txt,800,124,55979.236181257154
C1_8_3.txt,GVRPTW,True,Sets/Vrp-Set-HG/C1_8_3.txt,800,110,45467.86231784795
C1_8_3.txt,GVRPTW,False,Sets/Vrp-Set-HG/C1_8_3.txt,800,109,45700.08016292931
C1_8_4.txt,GVRPTW,True,Sets/Vrp-Set-HG/C1_8_4.txt,800,101,39062.39558516281
C1_8_4.txt,GVRPTW,False,Sets/Vrp-Set-HG/C1_8_4.txt,800,95,37665.029914136234
C1_8_5.txt,GVRPTW,True,Sets/Vrp-Set-HG/C1_8_5.txt,800,137,63869.88385141401
C1_8_5.txt,GVRPTW,False,Sets/Vrp-Set-HG/C1_8_5.txt,800,137,64009.644387251916
C1_8_6.txt,GVRPTW,True,Sets/Vrp-Set-HG/C1_8_6.txt,800,130,59266.77596151467
C1_8_6.txt,GVRPTW,False,Sets/Vrp-Set-HG/C1_8_6.txt,800,130,59517.97791332568
C1_8_7.txt,GVRPTW,True,Sets/Vrp-Set-HG/C1_8_7.txt,800,125,59871.88312983532
C1_8_7.txt,GVRPTW,False,Sets/Vrp-Set-HG/C1_8_7.txt,800,125,60211.429665333504
C1_8_8.txt,GVRPTW,True,Sets/Vrp-Set-HG/C1_8_8.txt,800,108,50127.74323272841
C1_8_8.txt,GVRPTW,False,Sets/Vrp-Set-HG/C1_8_8.txt,800,106,49788.832107547554
C1_8_9.txt,GVRPTW,True,Sets/Vrp-Set-HG/C1_8_9.txt,800,95,44424.05841432995
C1_8_9.txt,GVRPTW,False,Sets/Vrp-Set-HG/C1_8_9.txt,800,93,45357.25422145643
C2_10_1.txt,GVRPTW,True,Sets/Vrp-Set-HG/C2_10_1.txt,1000,120,68668.17914578551
C2_10_1.txt,GVRPTW,False,Sets/Vrp-Set-HG/C2_10_1.txt,1000,120,68668.17914578551
C2_10_10.txt,GVRPTW,True,Sets/Vrp-Set-HG/C2_10_10.txt,1000,50,32508.401456153984
C2_10_10.txt,GVRPTW,False,Sets/Vrp-Set-HG/C2_10_10.txt,1000,50,32508.401456153984
C2_10_2.txt,GVRPTW,True,Sets/Vrp-Set-HG/C2_10_2.txt,1000,117,65461.52543236579
C2_10_2.txt,GVRPTW,False,Sets/Vrp-Set-HG/C2_10_2.txt,1000,117,65461.52543236579
C2_10_3.txt,GVRPTW,True,Sets/Vrp-Set-HG/C2_10_3.txt,1000,98,49943.54667967588
C2_10_3.txt,GVRPTW,False,Sets/Vrp-Set-HG/C2_10_3.txt,1000,98,49943.54667967588
C2_10_4.txt,GVRPTW,True,Sets/Vrp-Set-HG/C2_10_4.txt,1000,83,41481.1710236199
C2_10_4.txt,GVRPTW,False,Sets/Vrp-Set-HG/C2_10_4.txt,1000,83,41481.1710236199
C2_10_5.txt,GVRPTW,True,Sets/Vrp-Set-HG/C2_10_5.txt,1000,79,46612.312099028764
C2_10_5.txt,GVRPTW,False,Sets/Vrp-Set-HG/C2_10_5.txt,1000,79,46612.312099028764
C2_10_6.txt,GVRPTW,True,Sets/Vrp-Set-HG/C2_10_6.txt,1000,73,44401.28084475003
C2_10_6.txt,GVRPTW,False,Sets/Vrp-Set-HG/C2_10_6.txt,1000,73,44401.28084475003
C2_10_7.txt,GVRPTW,True,Sets/Vrp-Set-HG/C2_10_7.txt,1000,74,44618.172841101776
C2_10_7.txt,GVRPTW,False,Sets/Vrp-Set-HG/C2_10_7.txt,1000,74,44618.172841101776
C2_10_8.txt,GVRPTW,True,Sets/Vrp-Set-HG/C2_10_8.txt,1000,61,37918.07119989261
C2_10_8.txt,GVRPTW,False,Sets/Vrp-Set-HG/C2_10_8.txt,1000,61,37918.07119989261
C2_10_9.txt,GVRPTW,True,Sets/Vrp-Set-HG/C2_10_9.txt,1000,62,38602.596254131066
C2_10_9.txt,GVRPTW,False,Sets/Vrp-Set-HG/C2_10_9.txt,1000,62,38602.596254131066
C2_2_1.txt,GVRPTW,True,Sets/Vrp-Set-HG/C2_2_1.txt,200,32,6923.865545148641
C2_2_1.txt,GVRPTW,False,Sets/Vrp-Set-HG/C2_2_1.txt,200,32,6923.865545148641
C2_2_10.txt,GVRPTW,True,Sets/Vrp-Set-HG/C2_2_10.txt,200,13,3808.1459777016184
C2_2_10.txt,GVRPTW,False,Sets/Vrp-Set-HG/C2_2_10.txt,200,13,3808.1459777016184
C2_2_2.txt,GVRPTW,True,Sets/Vrp-Set-HG/C2_2_2.txt,200,29,5875.005720114927
C2_2_2.txt,GVRPTW,False,Sets/Vrp-Set-HG/C2_2_2.txt,200,29,5875.005720114927
C2_2_3.txt,GVRPTW,True,Sets/Vrp-Set-HG/C2_2_3.txt,200,29,5400.494391557834
C2_2_3.txt,GVRPTW,False,Sets/Vrp-Set-HG/C2_2_3.txt,200,29,5400.494391557834
C2_2_4.txt,GVRPTW,True,Sets/Vrp-Set-HG/C2_2_4.txt,200,22,4079.8001378448384
C2_2_4.txt,GVRPTW,False,Sets/Vrp-Set-HG/C2_2_4.txt,200,22,4079.8001378448384
C2_2_5.txt,GVRPTW,True,Sets/Vrp-Set-HG/C2_2_5.txt,200,22,5140.495470091031
C2_2_5.txt,GVRPTW,False,Sets/Vrp-Set-HG/C2_2_5.txt,200,22,5140.495470091031
C2_2_6.txt,GVRPTW,True,Sets/Vrp-Set-HG/C2_2_6.txt,200,18,4716.926452783351
C2_2_6.txt,GVRPTW,False,Sets/Vrp-Set-HG/C2_2_6.txt,200,18,4716.926452783351
C2_2_7.txt,GVRPTW,True,Sets/Vrp-Set-HG/C2_2_7.txt,200,20,4477.940224512078
C2_2_7.txt,GVRPTW,False,Sets/Vrp-Set-HG/C2_2_7.txt,200,20,4477.940224512078
C2_2_8.txt,GVRPTW,True,Sets/Vrp-Set-HG/C2_2_8.txt,200,16,4441.436081607874
C2_2_8.txt,GVRPTW,False,Sets/Vrp-Set-HG/C2_2_8.txt,200,16,4441.436081607874
C2_2_9.txt,GVRPTW,True,Sets/Vrp-Set-HG/C2_2_9.txt,200,17,4343.555199353326
C2_2_9.txt,GVRPTW,False,Sets/Vrp-Set-HG/C2_2_9.txt,200,17,4343.555199353326
C2_4_1.txt,GVRPTW,True,Sets/Vrp-Set-HG/C2_4_1.txt,400,53,13988.347108161472
C2_4_1.txt,GVRPTW,False,Sets/Vrp-Set-HG/C2_4_1.txt,400,53,13988.347108161472
C2_4_10.txt,GVRPTW,True,Sets/Vrp-Set-HG/C2_4_10.txt,400,24,7668.560475671764
C2_4_10.txt,GVRPTW,False,Sets/Vrp-Set-HG/C2_4_10.txt,400,24,7668.560475671764
C2_4_2.txt,GVRPTW,True,Sets/Vrp-Set-HG/C2_4_2.txt,400,50,13704.692418201392
C2_4_2.txt,GVRPTW,False,Sets/Vrp-Set-HG/C2_4_2.txt,400,50,13704.692418201392
C2_4_3.txt,GVRPTW,True,Sets/Vrp-Set-HG/C2_4_3.txt,400,42,10832.170237604889
C2_4_3.txt,GVRPTW,False,Sets/Vrp-Set-HG/C2_4_3.txt,400,42,10832.170237604889
C2_4_4.txt,GVRPTW,True,Sets/Vrp-Set-HG/C2_4_4.txt,400,33,8826.189845944706
C2_4_4.txt,GVRPTW,False,Sets/Vrp-Set-HG/C2_4_4.txt,400,33,8826.189845944706
C2_4_5.txt,GVRPTW,True,Sets/Vrp-Set-HG/C2_4_5.txt,400,36,10272.212569822488
C2_4_5.txt,GVRPTW,False,Sets/Vrp-Set-HG/C2_4_5.txt,400,36,10272.212569822488
C2_4_6.txt,GVRPTW,True,Sets/Vrp-Set-HG/C2_4_6.txt,400,32,9386.462005561962
C2_4_6.txt,GVRPTW,False,Sets/Vrp-Set-HG/C2_4_6.txt,400,32,9386.462005561962
C2_4_7.txt,GVRPTW,True,Sets/Vrp-Set-HG/C2_4_7.txt,400,32,10367.890755271716
C2_4_7.txt,GVRPTW,False,Sets/Vrp-Set-HG/C2_4_7.txt,400,32,10367.890755271716
C2_4_8.txt,GVRPTW,True,Sets/Vrp-Set-HG/C2_4_8.txt,400,25,8379.3676231586
C2_4_8.txt,GVRPTW,False,Sets/Vrp-Set-HG/C2_4_8.txt,400,25,8379.3676231586
C2_4_9.txt,GVRPTW,True,Sets/Vrp-Set-HG/C2_4_9.txt,400,32,9716.671977933727
C2_4_9.txt,GVRPTW,False,Sets/Vrp-Set-HG/C2_4_9.txt,400,32,9716.671977933727
C2_6_1.txt,GVRPTW,True,Sets/Vrp-Set-HG/C2_6_1.txt,600,71,28110.91071943726
C2_6_1.txt,GVRPTW,False,Sets/Vrp-Set-HG/C2_6_1.txt,600,71,28110.91071943726
C2_6_10.txt,GVRPTW,True,Sets/Vrp-Set-HG/C2_6_10.txt,600,32,15543.405958129717
C2_6_10.txt,GVRPTW,False,Sets/Vrp-Set-HG/C2_6_10.txt,600,32,15543.405958129717
C2_6_2.txt,GVRPTW,True,Sets/Vrp-Set-HG/C2_6_2.txt,600,60,24631.453092285374
C2_6_2.txt,GVRPTW,False,Sets/Vrp-Set-HG/C2_6_2.txt,600,60,24631.453092285374
C2_6_3.txt,GVRPTW,True,Sets/Vrp-Set-HG/C2_6_3.txt,600,61,22397.987084390003
C2_6_3.txt,GVRPTW,False,Sets/Vrp-Set-HG/C2_6_3.txt,600,61,22397.987084390003
C2_6_4.txt,GVRPTW,True,Sets/Vrp-Set-HG/C2_6_4.txt,600,49,17238.80905846303
C2_6_4.txt,GVRPTW,False,Sets/Vrp-Set-HG/C2_6_4.txt,600,49,17238.80905846303
C2_6_5.txt,GVRPTW,True,Sets/Vrp-Set-HG/C2_6_5.txt,600,46,24403.05626893849
C2_6_5.txt,GVRPTW,False,Sets/Vrp-Set-HG/C2_6_5.txt,600,46,24403.05626893849
C2_6_6.txt,GVRPTW,True,Sets/Vrp-Set-HG/C2_6_6.txt,600,39,20506.603383700574
C2_6_6.txt,GVRPTW,False,Sets/Vrp-Set-HG/C2_6_6.txt,600,39,20506.603383700574
C2_6_7.txt,GVRPTW,True,Sets/Vrp-Set-HG/C2_6_7.txt,600,42,21808.94023610053
C2_6_7.txt,GVRPTW,False,Sets/Vrp-Set-HG/C2_6_7.txt,600,42,21808.94023610053
C2_6_8.txt,GVRPTW,True,Sets/Vrp-Set-HG/C2_6_8.txt,600,37,17715.01862753711
C2_6_8.txt,GVRPTW,False,Sets/Vrp-Set-HG/C2_6_8.txt,600,37,17715.01862753711
C2_6_9.txt,GVRPTW,True,Sets/Vrp-Set-HG/C2_6_9.txt,600,41,20349.165365744237
C2_6_9.txt,GVRPTW,False,Sets/Vrp-Set-HG/C2_6_9.txt,600,41,20349.165365744237
C2_8_1.txt,GVRPTW,True,Sets/Vrp-Set-HG/C2_8_1.txt,800,87,41452.00358740904
C2_8_1.txt,GVRPTW,False,Sets/Vrp-Set-HG/C2_8_1.txt,800,87,41452.00358740904
C2_8_10.txt,GVRPTW,True,Sets/Vrp-Set-HG/C2_8_10.txt,800,44,23872.13908881333
C2_8_10.txt,GVRPTW,False,Sets/Vrp-Set-HG/C2_8_10.txt,800,44,23872.13908881333
C2_8_2.txt,GVRPTW,True,Sets/Vrp-Set-HG/C2_8_2.txt,800,84,38113.36518630194
C2_8_2.txt,GVRPTW,False,Sets/Vrp-Set-HG/C2_8_2.txt,800,84,38113.36518630194
C2_8_3.txt,GVRPTW,True,Sets/Vrp-Set-HG/C2_8_3.txt,800,80,33984.892650403155
C2_8_3.txt,GVRPTW,False,Sets/Vrp-Set-HG/C2_8_3.txt,800,80,33984.892650403155
C2_8_4.txt,GVRPTW,True,Sets/Vrp-Set-HG/C2_8_4.txt,800,62,26069.4903876676
C2_8_4.txt,GVRPTW,False,Sets/Vrp-Set-HG/C2_8_4.txt,800,62,26069.4903876676
C2_8_5.txt,GVRPTW,True,Sets/Vrp-Set-HG/C2_8_5.txt,800,60,33100.67215302596
C2_8_5.txt,GVRPTW,False,Sets/Vrp-Set-HG/C2_8_5.txt,800,60,33100.67215302596
C2_8_6.txt,GVRPTW,True,Sets/Vrp-Set-HG/C2_8_6.txt,800,56,30018.507617892537
C2_8_6.txt,GVRPTW,False,Sets/Vrp-Set-HG/C2_8_6.txt,800,56,30018.507617892537
C2_8_7.txt,GVRPTW,True,Sets/Vrp-Set-HG/C2_8_7.txt,800,54,27280.388485354357
C2_8_7.txt,GVRPTW,False,Sets/Vrp-Set-HG/C2_8_7.txt,800,54,27280.388485354357
C2_8_8.txt,GVRPTW,True,Sets/Vrp-Set-HG/C2_8_8.txt,800,47,25976.201956133715
C2_8_8.txt,GVRPTW,False,Sets/Vrp-Set-HG/C2_8_8.txt,800,47,25976.201956133715
C2_8_9.txt,GVRPTW,True,Sets/Vrp-Set-HG/C2_8_9.txt,800,49,26633.830213362195
C2_8_9.txt,GVRPTW,False,Sets/Vrp-Set-HG/C2_8_9.txt,800,49,26633.830213362195
R1_10_1.txt,GVRPTW,True,Sets/Vrp-Set-HG/R1_10_1.txt,1000,270,141307.88618204644
R1_10_1.txt,GVRPTW,False,Sets/Vrp-Set-HG/R1_10_1.txt,1000,270,141104.37574080608
R1_10_10.txt,GVRPTW,True,Sets/Vrp-Set-HG/R1_10_10.txt,1000,142,88034.98887302025
R1_10_10.txt,GVRPTW,False,Sets/Vrp-Set-HG/R1_10_10.txt,1000,133,82008.355287937
R1_10_2.txt,GVRPTW,True,Sets/Vrp-Set-HG/R1_10_2.txt,1000,225,122877.42184469174
R1_10_2.txt,GVRPTW,False,Sets/Vrp-Set-HG/R1_10_2.txt,1000,224,122003.94451500184
R1_10_3.txt,GVRPTW,True,Sets/Vrp-Set-HG/R1_10_3.txt,1000,174,96894.1710487526
R1_10_3.txt,GVRPTW,False,Sets/Vrp-Set-HG/R1_10_3.txt,1000,173,95911.84116383719
R1_10_4.txt,GVRPTW,True,Sets/Vrp-Set-HG/R1_10_4.txt,1000,115,66003.93084978515
R1_10_4.txt,GVRPTW,False,Sets/Vrp-Set-HG/R1_10_4.txt,1000,94,58413.61729722703
R1_10_5.txt,GVRPTW,True,Sets/Vrp-Set-HG/R1_10_5.txt,1000,219,121388.77618472405
R1_10_5.txt,GVRPTW,False,Sets/Vrp-Set-HG/R1_10_5.txt,1000,219,121532.78977302274
R1_10_6.txt,GVRPTW,True,Sets/Vrp-Set-HG/R1_10_6.txt,1000,172,101806.45509229953
R1_10_6.txt,GVRPTW,False,Sets/Vrp-Set-HG/R1_10_6.txt,1000,169,100415.18266104462
R1_10_7.txt,GVRPTW,True,Sets/Vrp-Set-HG/R1_10_7.txt,1000,146,86336.81750918739
R1_10_7.txt,GVRPTW,False,Sets/Vrp-Set-HG/R1_10_7.txt,1000,138,82165.61806201184
R1_10_8.txt,GVRPTW,True,Sets/Vrp-Set-HG/R1_10_8.txt,1000,105,62235.00693602527
R1_10_8.txt,GVRPTW,False,Sets/Vrp-Set-HG/R1_10_8.txt,1000,83,53300.320929643654
R1_10_9.txt,GVRPTW,True,Sets/Vrp-Set-HG/R1_10_9.txt,1000,187,105820.62906281927
R1_10_9.txt,GVRPTW,False,Sets/Vrp-Set-HG/R1_10_9.txt,1000,185,105429.20923605078
R1_2_1.txt,GVRPTW,True,Sets/Vrp-Set-HG/R1_2_1.txt,200,59,9443.129795716533
R1_2_1.txt,GVRPTW,False,Sets/Vrp-Set-HG/R1_2_1.txt,200,59,9443.129795716533
R1_2_10.txt,GVRPTW,True,Sets/Vrp-Set-HG/R1_2_10.txt,200,28,5779.44416646257
R1_2_10.txt,GVRPTW,False,Sets/Vrp-Set-HG/R1_2_10.txt,200,26,5546.010289826798
R1_2_2.txt,GVRPTW,True,Sets/Vrp-Set-HG/R1_2_2.txt,200,54,9087.546272637339
R1_2_2.txt,GVRPTW,False,Sets/Vrp-Set-HG/R1_2_2.txt,200,54,9087.546272637339
R1_2_3.txt,GVRPTW,True,Sets/Vrp-Set-HG/R1_2_3.txt,200,38,7102.954371270428
R1_2_3.txt,GVRPTW,False,Sets/Vrp-Set-HG/R1_2_3.txt,200,38,6852.232137238421
R1_2_4.txt,GVRPTW,True,Sets/Vrp-Set-HG/R1_2_4.txt,200,28,5680.152601036247
R1_2_4.txt,GVRPTW,False,Sets/Vrp-Set-HG/R1_2_4.txt,200,26,4850.747213670331
R1_2_5.txt,GVRPTW,True,Sets/Vrp-Set-HG/R1_2_5.txt,200,51,8322.912282768762
R1_2_5.txt,GVRPTW,False,Sets/Vrp-Set-HG/R1_2_5.txt,200,51,8322.912282768762
R1_2_6.txt,GVRPTW,True,Sets/Vrp-Set-HG/R1_2_6.txt,200,44,7641.614317050438
R1_2_6.txt,GVRPTW,False,Sets/Vrp-Set-HG/R1_2_6.txt,200,44,7631.157886856738
R1_2_7.txt,GVRPTW,True,Sets/Vrp-Set-HG/R1_2_7.txt,200,34,6268.518032306108
R1_2_7.txt,GVRPTW,False,Sets/Vrp-Set-HG/R1_2_7.txt,200,34,6071.997435606641
R1_2_8.txt,GVRPTW,True,Sets/Vrp-Set-HG/R1_2_8.txt,200,26,5543.917336525985
R1_2_8.txt,GVRPTW,False,Sets/Vrp-Set-HG/R1_2_8.txt,200,23,4786.471772597667
R1_2_9.txt,GVRPTW,True,Sets/Vrp-Set-HG/R1_2_9.txt,200,43,7526.054948404623
R1_2_9.txt,GVRPTW,False,Sets/Vrp-Set-HG/R1_2_9.txt,200,43,7526.054948404623
R1_4_1.txt,GVRPTW,True,Sets/Vrp-Set-HG/R1_4_1.txt,400,96,21002.517489616646
R1_4_1.txt,GVRPTW,False,Sets/Vrp-Set-HG/R1_4_1.txt,400,96,21002.517489616646
R1_4_10.txt,GVRPTW,True,Sets/Vrp-Set-HG/R1_4_10.txt,400,53,14286.30340266971
R1_4_10.txt,GVRPTW,False,Sets/Vrp-Set-HG/R1_4_10.txt,400,50,13813.961624419006
R1_4_2.txt,GVRPTW,True,Sets/Vrp-Set-HG/R1_4_2.txt,400,87,19927.326616574737
R1_4_2.txt,GVRPTW,False,Sets/Vrp-Set-HG/R1_4_2.txt,400,85,19442.701189661744
R1_4_3.txt,GVRPTW,True,Sets/Vrp-Set-HG/R1_4_3.txt,400,63,15651.116833910082
R1_4_3.txt,GVRPTW,False,Sets/Vrp-Set-HG/R1_4_3.txt,400,63,15104.044524798395
R1_4_4.txt,GVRPTW,True,Sets/Vrp-Set-HG/R1_4_4.txt,400,49,12276.61547440023
R1_4_4.txt,GVRPTW,False,Sets/Vrp-Set-HG/R1_4_4.txt,400,41,10990.604536320825
R1_4_5.txt,GVRPTW,True,Sets/Vrp-Set-HG/R1_4_5.txt,400,84,19598.53523371062
R1_4_5.txt,GVRPTW,False,Sets/Vrp-Set-HG/R1_4_5.txt,400,85,19419.503688264373
R1_4_6.txt,GVRPTW,True,Sets/Vrp-Set-HG/R1_4_6.txt,400,73,17642.554629384733
R1_4_6.txt,GVRPTW,False,Sets/Vrp-Set-HG/R1_4_6.txt,400,71,17155.909199971964
R1_4_7.txt,GVRPTW,True,Sets/Vrp-Set-HG/R1_4_7.txt,400,65,15318.745931840265
R1_4_7.txt,GVRPTW,False,Sets/Vrp-Set-HG/R1_4_7.txt,400,61,14937.395344050332
R1_4_8.txt,GVRPTW,True,Sets/Vrp-Set-HG/R1_4_8.txt,400,45,11972.945137252958
R1_4_8.txt,GVRPTW,False,Sets/Vrp-Set-HG/R1_4_8.txt,400,40,11201.965082306384
R1_4_9.txt,GVRPTW,True,Sets/Vrp-Set-HG/R1_4_9.txt,400,67,16393.452427410233
R1_4_9.txt,GVRPTW,False,Sets/Vrp-Set-HG/R1_4_9.txt,400,67,16277.416671849192
R1_6_1.txt,GVRPTW,True,Sets/Vrp-Set-HG/R1_6_1.txt,600,140,47684.6856139267
R1_6_1.txt,GVRPTW,False,Sets/Vrp-Set-HG/R1_6_1.txt,600,140,47699.04936665187
R1_6_10.txt,GVRPTW,True,Sets/Vrp-Set-HG/R1_6_10.txt,600,80,30983.363206200025
R1_6_10.txt,GVRPTW,False,Sets/Vrp-Set-HG/R1_6_10.txt,600,77,30528.949557610962
R1_6_2.txt,GVRPTW,True,Sets/Vrp-Set-HG/R1_6_2.txt,600,110,40543.63804896066
R1_6_2.txt,GVRPTW,False,Sets/Vrp-Set-HG/R1_6_2.txt,600,109,40418.75224658421
R1_6_3.txt,GVRPTW,True,Sets/Vrp-Set-HG/R1_6_3.txt,600,93,33820.29958054341
R1_6_3.txt,GVRPTW,False,Sets/Vrp-Set-HG/R1_6_3.txt,600,92,33242.14113613414
R1_6_4.txt,GVRPTW,True,Sets/Vrp-Set-HG/R1_6_4.txt,600,71,27076.77879184274
R1_6_4.txt,GVRPTW,False,Sets/Vrp-Set-HG/R1_6_4.txt,600,59,23124.899231851065
R1_6_5.txt,GVRPTW,True,Sets/Vrp-Set-HG/R1_6_5.txt,600,129,44410.850112287095
R1_6_5.txt,GVRPTW,False,Sets/Vrp-Set-HG/R1_6_5.txt,600,129,44496.01342066255
R1_6_6.txt,GVRPTW,True,Sets/Vrp-Set-HG/R1_6_6.txt,600,105,38984.340746052956
R1_6_6.txt,GVRPTW,False,Sets/Vrp-Set-HG/R1_6_6.txt,600,105,38654.75613563488
R1_6_7.txt,GVRPTW,True,Sets/Vrp-Set-HG/R1_6_7.txt,600,86,32101.79873539261
R1_6_7.txt,GVRPTW,False,Sets/Vrp-Set-HG/R1_6_7.txt,600,81,31032.57303349833
R1_6_8.txt,GVRPTW,True,Sets/Vrp-Set-HG/R1_6_8.txt,600,69,26287.370093348374
R1_6_8.txt,GVRPTW,False,Sets/Vrp-Set-HG/R1_6_8.txt,600,57,22781.688581667477
R1_6_9.txt,GVRPTW,True,Sets/Vrp-Set-HG/R1_6_9.txt,600,101,36874.77075701651
R1_6_9.txt,GVRPTW,False,Sets/Vrp-Set-HG/R1_6_9.txt,600,103,37475.31186379342
R1_8_1.txt,GVRPTW,True,Sets/Vrp-Set-HG/R1_8_1.txt,800,202,89926.03829595623
R1_8_1.txt,GVRPTW,False,Sets/Vrp-Set-HG/R1_8_1.txt,800,202,89926.03829595623
R1_8_10.txt,GVRPTW,True,Sets/Vrp-Set-HG/R1_8_10.txt,800,111,57298.65640739184
R1_8_10.txt,GVRPTW,False,Sets/Vrp-Set-HG/R1_8_10.txt,800,106,55139.02199315994
R1_8_2.txt,GVRPTW,True,Sets/Vrp-Set-HG/R1_8_2.txt,800,163,77213.9158276509
R1_8_2.txt,GVRPTW,False,Sets/Vrp-Set-HG/R1_8_2.txt,800,161,75888.38331691756
R1_8_3.txt,GVRPTW,True,Sets/Vrp-Set-HG/R1_8_3.txt,800,136,64519.491336632826
R1_8_3.txt,GVRPTW,False,Sets/Vrp-Set-HG/R1_8_3.txt,800,131,61912.034343122024
R1_8_4.txt,GVRPTW,True,Sets/Vrp-Set-HG/R1_8_4.txt,800,92,45396.81779985556
R1_8_4.txt,GVRPTW,False,Sets/Vrp-Set-HG/R1_8_4.txt,800,72,38028.61371995304
R1_8_5.txt,GVRPTW,True,Sets/Vrp-Set-HG/R1_8_5.txt,800,168,78251.26837280861
R1_8_5.txt,GVRPTW,False,Sets/Vrp-Set-HG/R1_8_5.txt,800,168,78264.4969871401
R1_8_6.txt,GVRPTW,True,Sets/Vrp-Set-HG/R1_8_6.txt,800,140,69386.63518942385
R1_8_6.txt,GVRPTW,False,Sets/Vrp-Set-HG/R1_8_6.txt,800,140,68883.02285009772
R1_8_7.txt,GVRPTW,True,Sets/Vrp-Set-HG/R1_8_7.txt,800,119,58460.374526232044
R1_8_7.txt,GVRPTW,False,Sets/Vrp-Set-HG/R1_8_7.txt,800,110,55097.51121489433
R1_8_8.txt,GVRPTW,True,Sets/Vrp-Set-HG/R1_8_8.txt,800,87,43614.733428501895
R1_8_8.txt,GVRPTW,False,Sets/Vrp-Set-HG/R1_8_8.txt,800,65,34950.77127236953
R1_8_9.txt,GVRPTW,True,Sets/Vrp-Set-HG/R1_8_9.txt,800,145,69740.01743861844
R1_8_9.txt,GVRPTW,False,Sets/Vrp-Set-HG/R1_8_9.txt,800,145,69642.4859130431
R2_10_1.txt,GVRPTW,True,Sets/Vrp-Set-HG/R2_10_1.txt,1000,135,90158.12890715068
R2_10_1.txt,GVRPTW,False,Sets/Vrp-Set-HG/R2_10_1.txt,1000,135,90158.12890715068
R2_10_10.txt,GVRPTW,True,Sets/Vrp-Set-HG/R2_10_10.txt,1000,82,68643.83765823508
R2_10_10.txt,GVRPTW,False,Sets/Vrp-Set-HG/R2_10_10.txt,1000,82,68643.83765823508
R2_10_2.txt,GVRPTW,True,Sets/Vrp-Set-HG/R2_10_2.txt,1000,118,84483.07099310053
R2_10_2.txt,GVRPTW,False,Sets/Vrp-Set-HG/R2_10_2.txt,1000,118,84483.07099310053
R2_10_3.txt,GVRPTW,True,Sets/Vrp-Set-HG/R2_10_3.txt,1000,88,64816.681380550355
R2_10_3.txt,GVRPTW,False,Sets/Vrp-Set-HG/R2_10_3.txt,1000,88,64589.74598474755
R2_10_4.txt,GVRPTW,True,Sets/Vrp-Set-HG/R2_10_4.txt,1000,63,48280.77380916328
R2_10_4.txt,GVRPTW,False,Sets/Vrp-Set-HG/R2_10_4.txt,1000,54,43810.330737016375
R2_10_5.txt,GVRPTW,True,Sets/Vrp-Set-HG/R2_10_5.txt,1000,108,78225.77357577428
R2_10_5.txt,GVRPTW,False,Sets/Vrp-Set-HG/R2_10_5.txt,1000,108,78225.77357577428
R2_10_6.txt,GVRPTW,True,Sets/Vrp-Set-HG/R2_10_6.txt,1000,92,70724.6608316946
R2_10_6.txt,GVRPTW,False,Sets/Vrp-Set-HG/R2_10_6.txt,1000,92,70724.6608316946
R2_10_7.txt,GVRPTW,True,Sets/Vrp-Set-HG/R2_10_7.txt,1000,73,59480.16794393833
R2_10_7.txt,GVRPTW,False,Sets/Vrp-Set-HG/R2_10_7.txt,1000,74,59360.707660656175
R2_10_8.txt,GVRPTW,True,Sets/Vrp-Set-HG/R2_10_8.txt,1000,48,39773.02071354721
R2_10_8.txt,GVRPTW,False,Sets/Vrp-Set-HG/R2_10_8.txt,1000,49,40388.185490144264
R2_10_9.txt,GVRPTW,True,Sets/Vrp-Set-HG/R2_10_9.txt,1000,95,73553.0791134891
R2_10_9.txt,GVRPTW,False,Sets/Vrp-Set-HG/R2_10_9.txt,1000,95,73553.0791134891
R2_2_1.txt,GVRPTW,True,Sets/Vrp-Set-HG/R2_2_1.txt,200,30,7525.708865030253
R2_2_1.txt,GVRPTW,False,Sets/Vrp-Set-HG/R2_2_1.txt,200,30,7525.708865030253
R2_2_10.txt,GVRPTW,True,Sets/Vrp-Set-HG/R2_2_10.txt,200,11,4471.317403238376
R2_2_10.txt,GVRPTW,False,Sets/Vrp-Set-HG/R2_2_10.txt,200,11,4471.317403238376
R2_2_2.txt,GVRPTW,True,Sets/Vrp-Set-HG/R2_2_2.txt,200,28,7088.006427028523
R2_2_2.txt,GVRPTW,False,Sets/Vrp-Set-HG/R2_2_2.txt,200,28,7088.006427028523
R2_2_3.txt,GVRPTW,True,Sets/Vrp-Set-HG/R2_2_3.txt,200,22,5972.589059428016
R2_2_3.txt,GVRPTW,False,Sets/Vrp-Set-HG/R2_2_3.txt,200,22,5972.589059428016
R2_2_4.txt,GVRPTW,True,Sets/Vrp-Set-HG/R2_2_4.txt,200,13,4245.378005718967
R2_2_4.txt,GVRPTW,False,Sets/Vrp-Set-HG/R2_2_4.txt,200,12,3805.671565456851
R2_2_5.txt,GVRPTW,True,Sets/Vrp-Set-HG/R2_2_5.txt,200,20,6064.963486530052
R2_2_5.txt,GVRPTW,False,Sets/Vrp-Set-HG/R2_2_5.txt,200,20,6064.963486530052
R2_2_6.txt,GVRPTW,True,Sets/Vrp-Set-HG/R2_2_6.txt,200,17,5550.364111233352
R2_2_6.txt,GVRPTW,False,Sets/Vrp-Set-HG/R2_2_6.txt,200,17,5550.364111233352
R2_2_7.txt,GVRPTW,True,Sets/Vrp-Set-HG/R2_2_7.txt,200,14,5237.68965742438
R2_2_7.txt,GVRPTW,False,Sets/Vrp-Set-HG/R2_2_7.txt,200,14,5237.68965742438
R2_2_8.txt,GVRPTW,True,Sets/Vrp-Set-HG/R2_2_8.txt,200,11,3928.4812364687923
R2_2_8.txt,GVRPTW,False,Sets/Vrp-Set-HG/R2_2_8.txt,200,10,3734.612900882909
R2_2_9.txt,GVRPTW,True,Sets/Vrp-Set-HG/R2_2_9.txt,200,16,5591.246233699839
R2_2_9.txt,GVRPTW,False,Sets/Vrp-Set-HG/R2_2_9.txt,200,16,5591.246233699839
R2_4_1.txt,GVRPTW,True,Sets/Vrp-Set-HG/R2_4_1.txt,400,53,16361.13785603727
R2_4_1.txt,GVRPTW,False,Sets/Vrp-Set-HG/R2_4_1.txt,400,53,16361.13785603727
R2_4_10.txt,GVRPTW,True,Sets/Vrp-Set-HG/R2_4_10.txt,400,22,11225.279979315323
R2_4_10.txt,GVRPTW,False,Sets/Vrp-Set-HG/R2_4_10.txt,400,22,11225.279979315323
R2_4_2.txt,GVRPTW,True,Sets/Vrp-Set-HG/R2_4_2.txt,400,46,16366.37813831436
R2_4_2.txt,GVRPTW,False,Sets/Vrp-Set-HG/R2_4_2.txt,400,46,16366.37813831436
R2_4_3.txt,GVRPTW,True,Sets/Vrp-Set-HG/R2_4_3.txt,400,36,13304.557796162748
R2_4_3.txt,GVRPTW,False,Sets/Vrp-Set-HG/R2_4_3.txt,400,36,13304.557796162748
R2_4_4.txt,GVRPTW,True,Sets/Vrp-Set-HG/R2_4_4.txt,400,25,9235.231349089416
R2_4_4.txt,GVRPTW,False,Sets/Vrp-Set-HG/R2_4_4.txt,400,25,9271.937709907728
R2_4_5.txt,GVRPTW,True,Sets/Vrp-Set-HG/R2_4_5.txt,400,36,14187.219983787461
R2_4_5.txt,GVRPTW,False,Sets/Vrp-Set-HG/R2_4_5.txt,400,36,14187.219983787461
R2_4_6.txt,GVRPTW,True,Sets/Vrp-Set-HG/R2_4_6.txt,400,30,13011.977240639155
R2_4_6.txt,GVRPTW,False,Sets/Vrp-Set-HG/R2_4_6.txt,400,30,13011.977240639155
R2_4_7.txt,GVRPTW,True,Sets/Vrp-Set-HG/R2_4_7.txt,400,25,11623.87331271916
R2_4_7.txt,GVRPTW,False,Sets/Vrp-Set-HG/R2_4_7.txt,400,25,11623.87331271916
R2_4_8.txt,GVRPTW,True,Sets/Vrp-Set-HG/R2_4_8.txt,400,20,8489.244781845988
R2_4_8.txt,GVRPTW,False,Sets/Vrp-Set-HG/R2_4_8.txt,400,20,8737.978412371907
R2_4_9.txt,GVRPTW,True,Sets/Vrp-Set-HG/R2_4_9.txt,400,34,13444.379418163895
R2_4_9.txt,GVRPTW,False,Sets/Vrp-Set-HG/R2_4_9.txt,400,34,13444.379418163895
R2_6_1.txt,GVRPTW,True,Sets/Vrp-Set-HG/R2_6_1.txt,600,74,34243.83904533366
R2_6_1.txt,GVRPTW,False,Sets/Vrp-Set-HG/R2_6_1.txt,600,74,34243.83904533366
R2_6_10.txt,GVRPTW,True,Sets/Vrp-Set-HG/R2_6_10.txt,600,32,23919.27492093612
R2_6_10.txt,GVRPTW,False,Sets/Vrp-Set-HG/R2_6_10.txt,600,32,23919.27492093612
R2_6_2.txt,GVRPTW,True,Sets/Vrp-Set-HG/R2_6_2.txt,600,68,32360.521588588035
R2_6_2.txt,GVRPTW,False,Sets/Vrp-Set-HG/R2_6_2.txt,600,68,32360.521588588035
R2_6_3.txt,GVRPTW,True,Sets/Vrp-Set-HG/R2_6_3.txt,600,48,25189.172968331626
R2_6_3.txt,GVRPTW,False,Sets/Vrp-Set-HG/R2_6_3.txt,600,46,24388.486423443188
R2_6_4.txt,GVRPTW,True,Sets/Vrp-Set-HG/R2_6_4.txt,600,39,19054.719278838747
R2_6_4.txt,GVRPTW,False,Sets/Vrp-Set-HG/R2_6_4.txt,600,39,18224.86962983093
R2_6_5.txt,GVRPTW,True,Sets/Vrp-Set-HG/R2_6_5.txt,600,59,30449.96761732266
R2_6_5.txt,GVRPTW,False,Sets/Vrp-Set-HG/R2_6_5.txt,600,59,30449.96761732266
R2_6_6.txt,GVRPTW,True,Sets/Vrp-Set-HG/R2_6_6.txt,600,51,28165.619786030667
R2_6_6.txt,GVRPTW,False,Sets/Vrp-Set-HG/R2_6_6.txt,600,51,28165.619786030667
R2_6_7.txt,GVRPTW,True,Sets/Vrp-Set-HG/R2_6_7.txt,600,39,23103.802136974475
R2_6_7.txt,GVRPTW,False,Sets/Vrp-Set-HG/R2_6_7.txt,600,40,23529.127132068294
R2_6_8.txt,GVRPTW,True,Sets/Vrp-Set-HG/R2_6_8.txt,600,29,16583.122450224288
R2_6_8.txt,GVRPTW,False,Sets/Vrp-Set-HG/R2_6_8.txt,600,32,17414.37507142778
R2_6_9.txt,GVRPTW,True,Sets/Vrp-Set-HG/R2_6_9.txt,600,52,29237.012098418283
R2_6_9.txt,GVRPTW,False,Sets/Vrp-Set-HG/R2_6_9.txt,600,52,29237.012098418283
R2_8_1.txt,GVRPTW,True,Sets/Vrp-Set-HG/R2_8_1.txt,800,106,59178.2757632481
R2_8_1.txt,GVRPTW,False,Sets/Vrp-Set-HG/R2_8_1.txt,800,106,59178.2757632481
R2_8_10.txt,GVRPTW,True,Sets/Vrp-Set-HG/R2_8_10.txt,800,53,42343.209714478166
R2_8_10.txt,GVRPTW,False,Sets/Vrp-Set-HG/R2_8_10.txt,800,53,42343.209714478166
R2_8_2.txt,GVRPTW,True,Sets/Vrp-Set-HG/R2_8_2.txt,800,95,56853.35760342234
R2_8_2.txt,GVRPTW,False,Sets/Vrp-Set-HG/R2_8_2.txt,800,95,56853.35760342234
R2_8_3.txt,GVRPTW,True,Sets/Vrp-Set-HG/R2_8_3.txt,800,75,47042.2526279428
R2_8_3.txt,GVRPTW,False,Sets/Vrp-Set-HG/R2_8_3.txt,800,75,47145.54459804319
R2_8_4.txt,GVRPTW,True,Sets/Vrp-Set-HG/R2_8_4.txt,800,48,32052.981589261064
R2_8_4.txt,GVRPTW,False,Sets/Vrp-Set-HG/R2_8_4.txt,800,47,32577.332987874284
R2_8_5.txt,GVRPTW,True,Sets/Vrp-Set-HG/R2_8_5.txt,800,85,51561.515692949324
R2_8_5.txt,GVRPTW,False,Sets/Vrp-Set-HG/R2_8_5.txt,800,85,51561.515692949324
R2_8_6.txt,GVRPTW,True,Sets/Vrp-Set-HG/R2_8_6.txt,800,69,47951.27888184403
R2_8_6.txt,GVRPTW,False,Sets/Vrp-Set-HG/R2_8_6.txt,800,69,47951.27888184403
R2_8_7.txt,GVRPTW,True,Sets/Vrp-Set-HG/R2_8_7.txt,800,61,41487.98989955825
R2_8_7.txt,GVRPTW,False,Sets/Vrp-Set-HG/R2_8_7.txt,800,59,40987.33662161621
R2_8_8.txt,GVRPTW,True,Sets/Vrp-Set-HG/R2_8_8.txt,800,37,29176.202804583943
R2_8_8.txt,GVRPTW,False,Sets/Vrp-Set-HG/R2_8_8.txt,800,37,29834.321612000786
R2_8_9.txt,GVRPTW,True,Sets/Vrp-Set-HG/R2_8_9.txt,800,74,50774.77791537046
R2_8_9.txt,GVRPTW,False,Sets/Vrp-Set-HG/R2_8_9.txt,800,74,50774.77791537046
data-A0-N030.xml,GVRP,True,Sets/felipe-et-al-2014/data-A0-N030.xml,30,3,850.772032407565
data-A0-N030_red.xml,GVRP,True,Sets/felipe-et-al-2014/data-A0-N030_red.xml,5,1,214.566212068041
data-A1-N030.xml,GVRP,True,Sets/felipe-et-al-2014/data-A1-N030.xml,30,3,851.4015800932351
data-A2-N030.xml,GVRP,True,Sets/felipe-et-al-2014/data-A2-N030.xml,30,3,773.8986428566589
data-A3-N030.xml,GVRP,True,Sets/felipe-et-al-2014/data-A3-N030.xml,30,3,950.7050120347823
data-A4-N030.xml,GVRP,True,Sets/felipe-et-al-2014/data-A4-N030.xml,30,3,987.4534272709211
data-A5-N030.xml,GVRP,True,Sets/felipe-et-al-2014/data-A5-N030.xml,30,3,787.9294880093853
data-A6-N030.xml,GVRP,True,Sets/felipe-et-al-2014/data-A6-N030.xml,30,3,827.6925044350286
data-A7-N030.xml,GVRP,True,Sets/felipe-et-al-2014/data-A7-N030.xml,30,3,927.9175347877165
data-A8-N030.xml,GVRP,True,Sets/felipe-et-al-2014/data-A8-N030.xml,30,3,921.3860311939329
data-A9-N030.xml,GVRP,True,Sets/felipe-et-al-2014/data-A9-N030.xml,30,3,830.3095850853765
data-B0-N030.xml,GVRP,True,Sets/felipe-et-al-2014/data-B0-N030.xml,30,3,512.0364650524547
data-B1-N030.xml,GVRP,True,Sets/felipe-et-al-2014/data-B1-N030.xml,30,3,491.25201829675876
data-B2-N030.xml,GVRP,True,Sets/felipe-et-al-2014/data-B2-N030.xml,30,3,657.7078317033372
data-B3-N030.xml,GVRP,True,Sets/felipe-et-al-2014/data-B3-N030.xml,30,3,618.6676654391308
data-B4-N030.xml,GVRP,True,Sets/felipe-et-al-2014/data-B4-N030.xml,30,3,600.7393661031424
data-B5-N030.xml,GVRP,True,Sets/felipe-et-al-2014/data-B5-N030.xml,30,3,609.0633202561186
data-B6-N030.xml,GVRP,True,Sets/felipe-et-al-2014/data-B6-N030.xml,30,3,616.4347884973874
data-B7-N030.xml,GVRP,True,Sets/felipe-et-al-2014/data-B7-N030.xml,30,3,566.5423775511272
data-B8-N030.xml,GVRP,True,Sets/felipe-et-al-2014/data-B8-N030.xml,30,3,580.3677643144921
data-B9-N030.xml,GVRP,True,Sets/felipe-et-al-2014/data-B9-N030.xml,30,3,603.2373829907762
data-C0-N030.xml,GVRP,True,Sets/felipe-et-al-2014/data-C0-N030.xml,30,3,934.4950956085743
data-C1-N030.xml,GVRP,True,Sets/felipe-et-al-2014/data-C1-N030.xml,30,3,860.1296494240595
data-C2-N030.xml,GVRP,True,Sets/felipe-et-al-2014/data-C2-N030.xml,30,3,757.5962507212564
data-C3-N030.xml,GVRP,True,Sets/felipe-et-al-2014/data-C3-N030.xml,30,3,968.3990684249623
data-C4-N030.xml,GVRP,True,Sets/felipe-et-al-2014/data-C4-N030.xml,30,3,1060.8311821421653
data-C5-N030.xml,GVRP,True,Sets/felipe-et-al-2014/data-C5-N030.xml,30,3,825.4905627071669
data-C6-N030.xml,GVRP,True,Sets/felipe-et-al-2014/data-C6-N030.xml,30,3,1012.0486491711489
data-C7-N030.xml,GVRP,True,Sets/felipe-et-al-2014/data-C7-N030.xml,30,3,872.6229544187255
data-C8-N030.xml,GVRP,True,Sets/felipe-et-al-2014/data-C8-N030.xml,30,3,964.4760122134726
data-C9-N030.xml,GVRP,True,Sets/felipe-et-al-2014/data-C9-N030.xml,30,3,848.9645428405132
data-D0-N030.xml,GVRP,True,Sets/felipe-et-al-2014/data-D0-N030.xml,30,3,512.0364650524547
data-D1-N030.xml,GVRP,True,Sets/felipe-et-al-2014/data-D1-N030.xml,30,3,491.25201829675876
data-D2-N030.xml,GVRP,True,Sets/felipe-et-al-2014/data-D2-N030.xml,30,3,658.5984838092658
data-D3-N030.xml,GVRP,True,Sets/felipe-et-al-2014/data-D3-N030.xml,30,3,633.2615968996588
data-D4-N030.xml,GVRP,True,Sets/felipe-et-al-2014/data-D4-N030.xml,30,3,600.7393661031424
data-D5-N030.xml,GVRP,True,Sets/felipe-et-al-2014/data-D5-N030.xml,30,3,611.7140730982775
data-D6-N030.xml,GVRP,True,Sets/felipe-et-al-2014/data-D6-N030.xml,30,3,628.137490770562
data-D7-N030.xml,GVRP,True,Sets/felipe-et-al-2014/data-D7-N030.xml,30,3,595.2001694434424
data-D8-N030.xml,GVRP,True,Sets/felipe-et-al-2014/data-D8-N030.xml,30,3,580.3677643144921
data-D9-N030.xml,GVRP,True,Sets/felipe-et-al-2014/data-D9-N030.xml,30,3,609.3160798827226
data-A0-N030.xml,GVRP,False,Sets/felipe-et-al-2014/data-A0-N030.xml,30,1,718.9951287578044
data-A0-N030_red.xml,GVRP,False,Sets/felipe-et-al-2014/data-A0-N030_red.xml,5,1,214.566212068041
data-A1-N030.xml,GVRP,False,Sets/felipe-et-al-2014/data-A1-N030.xml,30,1,797.1231903720079
data-A2-N030.xml,GVRP,False,Sets/felipe-et-al-2014/data-A2-N030.xml,30,1,734.681799369777
data-A3-N030.xml,GVRP,False,Sets/felipe-et-al-2014/data-A3-N030.xml,30,1,857.2442238670152
data-A4-N030.xml,GVRP,False,Sets/felipe-et-al-2014/data-A4-N030.xml,30,1,656.2803946983686
data-A5-N030.xml,GVRP,False,Sets/felipe-et-al-2014/data-A5-N030.xml,30,1,718.9703486053195
data-A6-N030.xml,GVRP,False,Sets/felipe-et-al-2014/data-A6-N030.xml,30,1,809.2409077121587
data-A7-N030.xml,GVRP,False,Sets/felipe-et-al-2014/data-A7-N030.xml,30,1,779.8485219618515
data-A8-N030.xml,GVRP,False,Sets/felipe-et-al-2014/data-A8-N030.xml,30,1,744.1709790955047
data-A9-N030.xml,GVRP,False,Sets/felipe-et-al-2014/data-A9-N030.xml,30,1,708.3437373515899
data-B0-N030.xml,GVRP,False,Sets/felipe-et-al-2014/data-B0-N030.xml,30,1,375.73253943272664
data-B1-N030.xml,GVRP,False,Sets/felipe-et-al-2014/data-B1-N030.xml,30,1,424.81353296063344
data-B2-N030.xml,GVRP,False,Sets/felipe-et-al-2014/data-B2-N030.xml,30,1,463.4651861946609
data-B3-N030.xml,GVRP,False,Sets/felipe-et-al-2014/data-B3-N030.xml,30,1,430.965941105652
data-B4-N030.xml,GVRP,False,Sets/felipe-et-al-2014/data-B4-N030.xml,30,1,348.0001823320997
data-B5-N030.xml,GVRP,False,Sets/felipe-et-al-2014/data-B5-N030.xml,30,1,339.94504952089324
data-B6-N030.xml,GVRP,False,Sets/felipe-et-al-2014/data-B6-N030.xml,30,1,368.56910167832467
data-B7-N030.xml,GVRP,False,Sets/felipe-et-al-2014/data-B7-N030.xml,30,1,416.3940505074299
data-B8-N030.xml,GVRP,False,Sets/felipe-et-al-2014/data-B8-N030.xml,30,1,385.0912793580418
data-B9-N030.xml,GVRP,False,Sets/felipe-et-al-2014/data-B9-N030.xml,30,1,358.48754619730613
data-C0-N030.xml,GVRP,False,Sets/felipe-et-al-2014/data-C0-N030.xml,30,1,854.4747585740041
data-C1-N030.xml,GVRP,False,Sets/felipe-et-al-2014/data-C1-N030.xml,30,1,822.3566728949332
data-C2-N030.xml,GVRP,False,Sets/felipe-et-al-2014/data-C2-N030.xml,30,1,872.7121014452756
data-C3-N030.xml,GVRP,False,Sets/felipe-et-al-2014/data-C3-N030.xml,30,1,944.2245100872553
data-C4-N030.xml,GVRP,False,Sets/felipe-et-al-2014/data-C4-N030.xml,30,1,674.341940389686
data-C5-N030.xml,GVRP,False,Sets/felipe-et-al-2014/data-C5-N030.xml,30,1,771.7160565800059
data-C6-N030.xml,GVRP,False,Sets/felipe-et-al-2014/data-C6-N030.xml,30,1,811.737879710958
data-C7-N030.xml,GVRP,False,Sets/felipe-et-al-2014/data-C7-N030.xml,30,1,789.3703183301465
data-C8-N030.xml,GVRP,False,Sets/felipe-et-al-2014/data-C8-N030.xml,30,1,854.5012553424858
data-C9-N030.xml,GVRP,False,Sets/felipe-et-al-2014/data-C9-N030.xml,30,1,709.1825733139449
data-D0-N030.xml,GVRP,False,Sets/felipe-et-al-2014/data-D0-N030.xml,30,1,375.73253943272664
data-D1-N030.xml,GVRP,False,Sets/felipe-et-al-2014/data-D1-N030.xml,30,1,412.34343100318
data-D2-N030.xml,GVRP,False,Sets/felipe-et-al-2014/data-D2-N030.xml,30,1,394.9164840147477
data-D3-N030.xml,GVRP,False,Sets/felipe-et-al-2014/data-D3-N030.xml,30,1,403.03405040494397
data-D4-N030.xml,GVRP,False,Sets/felipe-et-al-2014/data-D4-N030.xml,30,1,398.56160030548176
data-D5-N030.xml,GVRP,False,Sets/felipe-et-al-2014/data-D5-N030.xml,30,1,427.6936895038341
data-D6-N030.xml,GVRP,False,Sets/felipe-et-al-2014/data-D6-N030.xml,30,1,368.56910167832467
data-D7-N030.xml,GVRP,False,Sets/felipe-et-al-2014/data-D7-N030.xml,30,1,418.2315780349847
data-D8-N030.xml,GVRP,False,Sets/felipe-et-al-2014/data-D8-N030.xml,30,1,398.7914282868307
data-D9-N030.xml,GVRP,False,Sets/felipe-et-al-2014/data-D9-N030.xml,30,1,375.7565774605527
